timestamp_s,id_hex,is_extended,is_fd,dlc,payload_len,cmd_type,cmd_name,data_hex,ack_dominant,crc_ok,destuffed_bits,feedback_fault_flags,feedback_host_id,feedback_mode,feedback_motor_id,feedback_pos_rad,feedback_temp_c,feedback_torque_nm,feedback_vel_rad_s,form_ok,id_field_15_8,id_field_23_16,id_field_7_0,sampled_bits,stuffed_bits,sync_corrections
1.7296075,0x18FD0004,1,0,8,8,0x18,AUTO_REPORT,01 02 03 04 05 06 01 00,1,1,118,61,4,3,0,-12.4710281528954,25.6,-5.764522774090181,-48.82200350957503,1,0,253,4,142,14,23
1.829332375,0x04FD0004,1,0,8,8,0x04,STOP,00 00 00 00 00 00 00 00,1,1,118,,,,,,,,,1,0,253,4,146,18,24
1.929340875,0x04FD0004,1,0,8,8,0x04,STOP,00 00 00 00 00 00 00 00,1,1,118,,,,,,,,,1,0,253,4,146,18,24
2.029412167,0x04FD0004,1,0,8,8,0x04,STOP,00 00 00 00 00 00 00 00,1,1,118,,,,,,,,,1,0,253,4,146,18,22
2.129371583,0x04FD0004,1,0,8,8,0x04,STOP,00 00 00 00 00 00 00 00,1,1,118,,,,,,,,,1,0,253,4,146,18,24
2.229423667,0x04FD0004,1,0,8,8,0x04,STOP,00 00 00 00 00 00 00 00,1,1,118,,,,,,,,,1,0,253,4,146,18,23
2.329485958,0x04FD0004,1,0,8,8,0x04,STOP,00 00 00 00 00 00 00 00,1,1,118,,,,,,,,,1,0,253,4,146,18,23
2.429384542,0x04FD0004,1,0,8,8,0x04,STOP,00 00 00 00 00 00 00 00,1,1,118,,,,,,,,,1,0,253,4,146,18,21
2.529392667,0x04FD0004,1,0,8,8,0x04,STOP,00 00 00 00 00 00 00 00,1,1,118,,,,,,,,,1,0,253,4,146,18,25
2.629401917,0x04FD0004,1,0,8,8,0x04,STOP,00 00 00 00 00 00 00 00,1,1,118,,,,,,,,,1,0,253,4,146,18,21
2.729410125,0x04FD0004,1,0,8,8,0x04,STOP,00 00 00 00 00 00 00 00,1,1,118,,,,,,,,,1,0,253,4,146,18,21
2.829419,0x04FD0004,1,0,8,8,0x04,STOP,00 00 00 00 00 00 00 00,1,1,118,,,,,,,,,1,0,253,4,146,18,20
2.929426708,0x04FD0004,1,0,8,8,0x04,STOP,00 00 00 00 00 00 00 00,1,1,118,,,,,,,,,1,0,253,4,146,18,20
3.029435625,0x04FD0004,1,0,8,8,0x04,STOP,00 00 00 00 00 00 00 00,1,1,118,,,,,,,,,1,0,253,4,146,18,25
3.129444833,0x04FD0004,1,0,8,8,0x04,STOP,00 00 00 00 00 00 00 00,1,1,118,,,,,,,,,1,0,253,4,146,18,20
3.229453667,0x04FD0004,1,0,8,8,0x04,STOP,00 00 00 00 00 00 00 00,1,1,118,,,,,,,,,1,0,253,4,146,18,19
3.329461875,0x04FD0004,1,0,8,8,0x04,STOP,00 00 00 00 00 00 00 00,1,1,118,,,,,,,,,1,0,253,4,146,18,21
3.429470792,0x04FD0004,1,0,8,8,0x04,STOP,00 00 00 00 00 00 00 00,1,1,118,,,,,,,,,1,0,253,4,146,18,21
3.529479,0x04FD0004,1,0,8,8,0x04,STOP,00 00 00 00 00 00 00 00,1,1,118,,,,,,,,,1,0,253,4,146,18,23
3.629488167,0x04FD0004,1,0,8,8,0x04,STOP,00 00 00 00 00 00 00 00,1,1,118,,,,,,,,,1,0,253,4,146,18,23
3.72949675,0x04FD0004,1,0,8,8,0x04,STOP,00 00 00 00 00 00 00 00,1,1,118,,,,,,,,,1,0,253,4,146,18,21
3.829505125,0x04FD0004,1,0,8,8,0x04,STOP,00 00 00 00 00 00 00 00,1,1,118,,,,,,,,,1,0,253,4,146,18,23
3.929513417,0x04FD0004,1,0,8,8,0x04,STOP,00 00 00 00 00 00 00 00,1,1,118,,,,,,,,,1,0,253,4,146,18,23
4.029522542,0x04FD0004,1,0,8,8,0x04,STOP,00 00 00 00 00 00 00 00,1,1,118,,,,,,,,,1,0,253,4,146,18,23
4.129530708,0x04FD0004,1,0,8,8,0x04,STOP,00 00 00 00 00 00 00 00,1,1,118,,,,,,,,,1,0,253,4,146,18,22
4.229539583,0x04FD0004,1,0,8,8,0x04,STOP,00 00 00 00 00 00 00 00,1,1,118,,,,,,,,,1,0,253,4,146,18,24
4.3295485,0x04FD0004,1,0,8,8,0x04,STOP,00 00 00 00 00 00 00 00,1,1,118,,,,,,,,,1,0,253,4,146,18,24
4.429556917,0x04FD0004,1,0,8,8,0x04,STOP,00 00 00 00 00 00 00 00,1,1,118,,,,,,,,,1,0,253,4,146,18,21
4.529564875,0x04FD0004,1,0,8,8,0x04,STOP,00 00 00 00 00 00 00 00,1,1,118,,,,,,,,,1,0,253,4,146,18,22
4.629574667,0x04FD0004,1,0,8,8,0x04,STOP,00 00 00 00 00 00 00 00,1,1,118,,,,,,,,,1,0,253,4,146,18,23
4.729582667,0x04FD0004,1,0,8,8,0x04,STOP,00 00 00 00 00 00 00 00,1,1,118,,,,,,,,,1,0,253,4,146,18,22
4.829591625,0x04FD0004,1,0,8,8,0x04,STOP,00 00 00 00 00 00 00 00,1,1,118,,,,,,,,,1,0,253,4,146,18,20
4.929600042,0x04FD0004,1,0,8,8,0x04,STOP,00 00 00 00 00 00 00 00,1,1,118,,,,,,,,,1,0,253,4,146,18,23
5.029608833,0x04FD0004,1,0,8,8,0x04,STOP,00 00 00 00 00 00 00 00,1,1,118,,,,,,,,,1,0,253,4,146,18,24
5.12961725,0x04FD0004,1,0,8,8,0x04,STOP,00 00 00 00 00 00 00 00,1,1,118,,,,,,,,,1,0,253,4,146,18,19
5.229626,0x04FD0004,1,0,8,8,0x04,STOP,00 00 00 00 00 00 00 00,1,1,118,,,,,,,,,1,0,253,4,146,18,22
5.329634125,0x04FD0004,1,0,8,8,0x04,STOP,00 00 00 00 00 00 00 00,1,1,118,,,,,,,,,1,0,253,4,146,18,25
5.429643542,0x04FD0004,1,0,8,8,0x04,STOP,00 00 00 00 00 00 00 00,1,1,118,,,,,,,,,1,0,253,4,146,18,22
5.5296515,0x04FD0004,1,0,8,8,0x04,STOP,00 00 00 00 00 00 00 00,1,1,118,,,,,,,,,1,0,253,4,146,18,22
5.629660375,0x04FD0004,1,0,8,8,0x04,STOP,00 00 00 00 00 00 00 00,1,1,118,,,,,,,,,1,0,253,4,146,18,21
5.729669042,0x04FD0004,1,0,8,8,0x04,STOP,00 00 00 00 00 00 00 00,1,1,118,,,,,,,,,1,0,253,4,146,18,24
5.829678292,0x04FD0004,1,0,8,8,0x04,STOP,00 00 00 00 00 00 00 00,1,1,118,,,,,,,,,1,0,253,4,146,18,19
5.92968675,0x04FD0004,1,0,8,8,0x04,STOP,00 00 00 00 00 00 00 00,1,1,118,,,,,,,,,1,0,253,4,146,18,19
6.029694875,0x04FD0004,1,0,8,8,0x04,STOP,00 00 00 00 00 00 00 00,1,1,118,,,,,,,,,1,0,253,4,146,18,25
6.129704167,0x04FD0004,1,0,8,8,0x04,STOP,00 00 00 00 00 00 00 00,1,1,118,,,,,,,,,1,0,253,4,146,18,19
6.229712208,0x04FD0004,1,0,8,8,0x04,STOP,00 00 00 00 00 00 00 00,1,1,118,,,,,,,,,1,0,253,4,146,18,23
6.329720708,0x04FD0004,1,0,8,8,0x04,STOP,00 00 00 00 00 00 00 00,1,1,118,,,,,,,,,1,0,253,4,146,18,24
6.429729583,0x04FD0004,1,0,8,8,0x04,STOP,00 00 00 00 00 00 00 00,1,1,118,,,,,,,,,1,0,253,4,146,18,20
6.529738042,0x04FD0004,1,0,8,8,0x04,STOP,00 00 00 00 00 00 00 00,1,1,118,,,,,,,,,1,0,253,4,146,18,18
6.6297475,0x04FD0004,1,0,8,8,0x04,STOP,00 00 00 00 00 00 00 00,1,1,118,,,,,,,,,1,0,253,4,146,18,20
6.629903958,0x02000400,1,0,8,8,0x02,FEEDBACK,99 F0 7F FF 7F FF 01 FF,1,0,118,0,0,0,4,2.547374227512016,51.1,-9.15541313801782e-05,-0.0007629510948348184,1,4,0,0,142,14,17
6.729755125,0x04FD0004,1,0,8,8,0x04,STOP,00 00 00 00 00 00 00 00,1,1,118,,,,,,,,,1,0,253,4,146,18,24
6.829764,0x04FD0004,1,0,8,8,0x04,STOP,00 00 00 00 00 00 00 00,1,1,118,,,,,,,,,1,0,253,4,146,18,21
6.929772375,0x04FD0004,1,0,8,8,0x04,STOP,00 00 00 00 00 00 00 00,1,1,118,,,,,,,,,1,0,253,4,146,18,22
7.029781125,0x04FD0004,1,0,8,8,0x04,STOP,00 00 00 00 00 00 00 00,1,1,118,,,,,,,,,1,0,253,4,146,18,24
7.129789917,0x04FD0004,1,0,8,8,0x04,STOP,00 00 00 00 00 00 00 00,1,1,118,,,,,,,,,1,0,253,4,146,18,23
7.229798917,0x04FD0004,1,0,8,8,0x04,STOP,00 00 00 00 00 00 00 00,1,1,118,,,,,,,,,1,0,253,4,146,18,21
7.32980725,0x04FD0004,1,0,8,8,0x04,STOP,00 00 00 00 00 00 00 00,1,1,118,,,,,,,,,1,0,253,4,146,18,22
7.429816,0x04FD0004,1,0,8,8,0x04,STOP,00 00 00 00 00 00 00 00,1,1,118,,,,,,,,,1,0,253,4,146,18,24
7.529824917,0x04FD0004,1,0,8,8,0x04,STOP,00 00 00 00 00 00 00 00,1,1,118,,,,,,,,,1,0,253,4,146,18,20
7.629833917,0x04FD0004,1,0,8,8,0x04,STOP,00 00 00 00 00 00 00 00,1,1,118,,,,,,,,,1,0,253,4,146,18,21
7.729841875,0x04FD0004,1,0,8,8,0x04,STOP,00 00 00 00 00 00 00 00,1,1,118,,,,,,,,,1,0,253,4,146,18,20
7.829850958,0x04FD0004,1,0,8,8,0x04,STOP,00 00 00 00 00 00 00 00,1,1,118,,,,,,,,,1,0,253,4,146,18,22
7.929859458,0x04FD0004,1,0,8,8,0x04,STOP,00 00 00 00 00 00 00 00,1,1,118,,,,,,,,,1,0,253,4,146,18,21
8.029868,0x04FD0004,1,0,8,8,0x04,STOP,00 00 00 00 00 00 00 00,1,1,118,,,,,,,,,1,0,253,4,146,18,25
8.129877042,0x04FD0004,1,0,8,8,0x04,STOP,00 00 00 00 00 00 00 00,1,1,118,,,,,,,,,1,0,253,4,146,18,24
8.229885,0x04FD0004,1,0,8,8,0x04,STOP,00 00 00 00 00 00 00 00,1,1,118,,,,,,,,,1,0,253,4,146,18,25
8.329894042,0x04FD0004,1,0,8,8,0x04,STOP,00 00 00 00 00 00 00 00,1,1,118,,,,,,,,,1,0,253,4,146,18,25
8.429903125,0x04FD0004,1,0,8,8,0x04,STOP,00 00 00 00 00 00 00 00,1,1,118,,,,,,,,,1,0,253,4,146,18,24
8.529910667,0x04FD0004,1,0,8,8,0x04,STOP,00 00 00 00 00 00 00 00,1,1,118,,,,,,,,,1,0,253,4,146,18,26
8.629919875,0x04FD0004,1,0,8,8,0x04,STOP,00 00 00 00 00 00 00 00,1,1,118,,,,,,,,,1,0,253,4,146,18,25
8.729928667,0x04FD0004,1,0,8,8,0x04,STOP,00 00 00 00 00 00 00 00,1,1,118,,,,,,,,,1,0,253,4,146,18,25
8.829937708,0x04FD0004,1,0,8,8,0x04,STOP,00 00 00 00 00 00 00 00,1,1,118,,,,,,,,,1,0,253,4,146,18,25
8.929945375,0x04FD0004,1,0,8,8,0x04,STOP,00 00 00 00 00 00 00 00,1,1,118,,,,,,,,,1,0,253,4,146,18,25
9.02995525,0x04FD0004,1,0,8,8,0x04,STOP,00 00 00 00 00 00 00 00,1,1,118,,,,,,,,,1,0,253,4,146,18,25
9.12996275,0x04FD0004,1,0,8,8,0x04,STOP,00 00 00 00 00 00 00 00,1,1,118,,,,,,,,,1,0,253,4,146,18,25
9.229971375,0x04FD0004,1,0,8,8,0x04,STOP,00 00 00 00 00 00 00 00,1,1,118,,,,,,,,,1,0,253,4,146,18,23
9.329980708,0x04FD0004,1,0,8,8,0x04,STOP,00 00 00 00 00 00 00 00,1,1,118,,,,,,,,,1,0,253,4,146,18,25
9.429989458,0x04FD0004,1,0,8,8,0x04,STOP,00 00 00 00 00 00 00 00,1,1,118,,,,,,,,,1,0,253,4,146,18,24
9.52999775,0x04FD0004,1,0,8,8,0x04,STOP,00 00 00 00 00 00 00 00,1,1,118,,,,,,,,,1,0,253,4,146,18,25
9.630006,0x04FD0004,1,0,8,8,0x04,STOP,00 00 00 00 00 00 00 00,1,1,118,,,,,,,,,1,0,253,4,146,18,25
9.730015125,0x04FD0004,1,0,8,8,0x04,STOP,00 00 00 00 00 00 00 00,1,1,118,,,,,,,,,1,0,253,4,146,18,26
9.830023292,0x04FD0004,1,0,8,8,0x04,STOP,00 00 00 00 00 00 00 00,1,1,118,,,,,,,,,1,0,253,4,146,18,25
9.930032583,0x04FD0004,1,0,8,8,0x04,STOP,00 00 00 00 00 00 00 00,1,1,118,,,,,,,,,1,0,253,4,146,18,25
10.03004075,0x04FD0004,1,0,8,8,0x04,STOP,00 00 00 00 00 00 00 00,1,1,118,,,,,,,,,1,0,253,4,146,18,25
10.130049083,0x04FD0004,1,0,8,8,0x04,STOP,00 00 00 00 00 00 00 00,1,1,118,,,,,,,,,1,0,253,4,146,18,25
10.230058375,0x04FD0004,1,0,8,8,0x04,STOP,00 00 00 00 00 00 00 00,1,1,118,,,,,,,,,1,0,253,4,146,18,25
10.3300665,0x04FD0004,1,0,8,8,0x04,STOP,00 00 00 00 00 00 00 00,1,1,118,,,,,,,,,1,0,253,4,146,18,25
10.430076083,0x04FD0004,1,0,8,8,0x04,STOP,00 00 00 00 00 00 00 00,1,1,118,,,,,,,,,1,0,253,4,146,18,26
10.530084375,0x04FD0004,1,0,8,8,0x04,STOP,00 00 00 00 00 00 00 00,1,1,118,,,,,,,,,1,0,253,4,146,18,26
10.63009325,0x04FD0004,1,0,8,8,0x04,STOP,00 00 00 00 00 00 00 00,1,1,118,,,,,,,,,1,0,253,4,146,18,25
10.730101542,0x04FD0004,1,0,8,8,0x04,STOP,00 00 00 00 00 00 00 00,1,1,118,,,,,,,,,1,0,253,4,146,18,25
10.730258333,0x021A1B0C,1,1,8,8,0x02,FEEDBACK,D9 F0 7F FF 7F FF 00 D2,0,-,123,26,12,0,27,8.832470130464635,21.0,-9.15541313801782e-05,-0.0007629510948348184,1,27,26,12,143,10,50
10.830109958,0x04FD0004,1,0,8,8,0x04,STOP,00 00 00 00 00 00 00 00,1,1,118,,,,,,,,,1,0,253,4,146,18,24
10.930119042,0x04FD0004,1,0,8,8,0x04,STOP,00 00 00 00 00 00 00 00,1,1,118,,,,,,,,,1,0,253,4,146,18,25
11.030127667,0x04FD0004,1,0,8,8,0x04,STOP,00 00 00 00 00 00 00 00,1,1,118,,,,,,,,,1,0,253,4,146,18,25
11.130135667,0x04FD0004,1,0,8,8,0x04,STOP,00 00 00 00 00 00 00 00,1,1,118,,,,,,,,,1,0,253,4,146,18,25
11.230145333,0x04FD0004,1,0,8,8,0x04,STOP,00 00 00 00 00 00 00 00,1,1,118,,,,,,,,,1,0,253,4,146,18,25
11.3301535,0x04FD0004,1,0,8,8,0x04,STOP,00 00 00 00 00 00 00 00,1,1,118,,,,,,,,,1,0,253,4,146,18,25
11.430161708,0x04FD0004,1,0,8,8,0x04,STOP,00 00 00 00 00 00 00 00,1,1,118,,,,,,,,,1,0,253,4,146,18,25
11.530171,0x04FD0004,1,0,8,8,0x04,STOP,00 00 00 00 00 00 00 00,1,1,118,,,,,,,,,1,0,253,4,146,18,25
11.630179792,0x04FD0004,1,0,8,8,0x04,STOP,00 00 00 00 00 00 00 00,1,1,118,,,,,,,,,1,0,253,4,146,18,25
11.730187958,0x04FD0004,1,0,8,8,0x04,STOP,00 00 00 00 00 00 00 00,1,1,118,,,,,,,,,1,0,253,4,146,18,25
11.83019675,0x04FD0004,1,0,8,8,0x04,STOP,00 00 00 00 00 00 00 00,1,1,118,,,,,,,,,1,0,253,4,146,18,26
11.930205333,0x04FD0004,1,0,8,8,0x04,STOP,00 00 00 00 00 00 00 00,1,1,118,,,,,,,,,1,0,253,4,146,18,24
12.030213667,0x04FD0004,1,0,8,8,0x04,STOP,00 00 00 00 00 00 00 00,1,1,118,,,,,,,,,1,0,253,4,146,18,24
12.130222083,0x04FD0004,1,0,8,8,0x04,STOP,00 00 00 00 00 00 00 00,1,1,118,,,,,,,,,1,0,253,4,146,18,25
12.230231542,0x04FD0004,1,0,8,8,0x04,STOP,00 00 00 00 00 00 00 00,1,1,118,,,,,,,,,1,0,253,4,146,18,26
12.330239708,0x04FD0004,1,0,8,8,0x04,STOP,00 00 00 00 00 00 00 00,1,1,118,,,,,,,,,1,0,253,4,146,18,25
12.430248833,0x04FD0004,1,0,8,8,0x04,STOP,00 00 00 00 00 00 00 00,1,1,118,,,,,,,,,1,0,253,4,146,18,25
12.530256792,0x04FD0004,1,0,8,8,0x04,STOP,00 00 00 00 00 00 00 00,1,1,118,,,,,,,,,1,0,253,4,146,18,25
12.630265542,0x04FD0004,1,0,8,8,0x04,STOP,00 00 00 00 00 00 00 00,1,1,118,,,,,,,,,1,0,253,4,146,18,25
12.730273917,0x04FD0004,1,0,8,8,0x04,STOP,00 00 00 00 00 00 00 00,1,1,118,,,,,,,,,1,0,253,4,146,18,25
12.830282833,0x04FD0004,1,0,8,8,0x04,STOP,00 00 00 00 00 00 00 00,1,1,118,,,,,,,,,1,0,253,4,146,18,25
12.930291333,0x04FD0004,1,0,8,8,0x04,STOP,00 00 00 00 00 00 00 00,1,1,118,,,,,,,,,1,0,253,4,146,18,26
12.930451833,0x02003614,1,1,8,8,0x02,FEEDBACK,99 F0 7F FF 7F FF 00 C8,0,-,123,0,20,0,54,2.547374227512016,20.0,-9.15541313801782e-05,-0.0007629510948348184,1,54,0,20,143,10,46
13.0303005,0x04FD0004,1,0,8,8,0x04,STOP,00 00 00 00 00 00 00 00,1,1,118,,,,,,,,,1,0,253,4,146,18,25
13.130308625,0x04FD0004,1,0,8,8,0x04,STOP,00 00 00 00 00 00 00 00,1,1,118,,,,,,,,,1,0,253,4,146,18,25
13.230317542,0x04FD0004,1,0,8,8,0x04,STOP,00 00 00 00 00 00 00 00,1,1,118,,,,,,,,,1,0,253,4,146,18,25
13.330325833,0x04FD0004,1,0,8,8,0x04,STOP,00 00 00 00 00 00 00 00,1,1,118,,,,,,,,,1,0,253,4,146,18,25
13.430335458,0x04FD0004,1,0,8,8,0x04,STOP,00 00 00 00 00 00 00 00,1,1,118,,,,,,,,,1,0,253,4,146,18,25
13.530343667,0x04FD0004,1,0,8,8,0x04,STOP,00 00 00 00 00 00 00 00,1,1,118,,,,,,,,,1,0,253,4,146,18,25
13.630352667,0x04FD0004,1,0,8,8,0x04,STOP,00 00 00 00 00 00 00 00,1,1,118,,,,,,,,,1,0,253,4,146,18,25
13.730360875,0x04FD0004,1,0,8,8,0x04,STOP,00 00 00 00 00 00 00 00,1,1,118,,,,,,,,,1,0,253,4,146,18,25
13.83037,0x04FD0004,1,0,8,8,0x04,STOP,00 00 00 00 00 00 00 00,1,1,118,,,,,,,,,1,0,253,4,146,18,25
13.930378167,0x04FD0004,1,0,8,8,0x04,STOP,00 00 00 00 00 00 00 00,1,1,118,,,,,,,,,1,0,253,4,146,18,25
14.03038675,0x04FD0004,1,0,8,8,0x04,STOP,00 00 00 00 00 00 00 00,1,1,118,,,,,,,,,1,0,253,4,146,18,25
14.1303955,0x04FD0004,1,0,8,8,0x04,STOP,00 00 00 00 00 00 00 00,1,1,118,,,,,,,,,1,0,253,4,146,18,25
14.230404292,0x04FD0004,1,0,8,8,0x04,STOP,00 00 00 00 00 00 00 00,1,1,118,,,,,,,,,1,0,253,4,146,18,24
14.330412875,0x04FD0004,1,0,8,8,0x04,STOP,00 00 00 00 00 00 00 00,1,1,118,,,,,,,,,1,0,253,4,146,18,24
14.430421042,0x04FD0004,1,0,8,8,0x04,STOP,00 00 00 00 00 00 00 00,1,1,118,,,,,,,,,1,0,253,4,146,18,25
14.5304295,0x04FD0004,1,0,8,8,0x04,STOP,00 00 00 00 00 00 00 00,1,1,118,,,,,,,,,1,0,253,4,146,18,25
14.630439042,0x04FD0004,1,0,8,8,0x04,STOP,00 00 00 00 00 00 00 00,1,1,118,,,,,,,,,1,0,253,4,146,18,25
14.730447042,0x04FD0004,1,0,8,8,0x04,STOP,00 00 00 00 00 00 00 00,1,1,118,,,,,,,,,1,0,253,4,146,18,25
14.830456458,0x04FD0004,1,0,8,8,0x04,STOP,00 00 00 00 00 00 00 00,1,1,118,,,,,,,,,1,0,253,4,146,18,25
14.930464333,0x04FD0004,1,0,8,8,0x04,STOP,00 00 00 00 00 00 00 00,1,1,118,,,,,,,,,1,0,253,4,146,18,25
15.030473458,0x04FD0004,1,0,8,8,0x04,STOP,00 00 00 00 00 00 00 00,1,1,118,,,,,,,,,1,0,253,4,146,18,25
15.130482292,0x04FD0004,1,0,8,8,0x04,STOP,00 00 00 00 00 00 00 00,1,1,118,,,,,,,,,1,0,253,4,146,18,25
15.230491125,0x04FD0004,1,0,8,8,0x04,STOP,00 00 00 00 00 00 00 00,1,1,118,,,,,,,,,1,0,253,4,146,18,25
15.230671458,0x06042400,1,0,8,8,0x06,SET_ZERO,99 F0 7F FF 7F FF 00 52,0,0,118,,,,,,,,,0,36,4,0,141,13,29
15.330499083,0x04FD0004,1,0,8,8,0x04,STOP,00 00 00 00 00 00 00 00,1,1,118,,,,,,,,,1,0,253,4,146,18,25
15.430507917,0x04FD0004,1,0,8,8,0x04,STOP,00 00 00 00 00 00 00 00,1,1,118,,,,,,,,,1,0,253,4,146,18,24
15.530516667,0x04FD0004,1,0,8,8,0x04,STOP,00 00 00 00 00 00 00 00,1,1,118,,,,,,,,,1,0,253,4,146,18,26
15.630525667,0x04FD0004,1,0,8,8,0x04,STOP,00 00 00 00 00 00 00 00,1,1,118,,,,,,,,,1,0,253,4,146,18,25
15.730533917,0x04FD0004,1,0,8,8,0x04,STOP,00 00 00 00 00 00 00 00,1,1,118,,,,,,,,,1,0,253,4,146,18,24
15.830542583,0x04FD0004,1,0,8,8,0x04,STOP,00 00 00 00 00 00 00 00,1,1,118,,,,,,,,,1,0,253,4,146,18,24
15.93055125,0x04FD0004,1,0,8,8,0x04,STOP,00 00 00 00 00 00 00 00,1,1,118,,,,,,,,,1,0,253,4,146,18,24
16.030560458,0x04FD0004,1,0,8,8,0x04,STOP,00 00 00 00 00 00 00 00,1,1,118,,,,,,,,,1,0,253,4,146,18,25
16.130568208,0x04FD0004,1,0,8,8,0x04,STOP,00 00 00 00 00 00 00 00,1,1,118,,,,,,,,,1,0,253,4,146,18,25
16.2305775,0x04FD0004,1,0,8,8,0x04,STOP,00 00 00 00 00 00 00 00,1,1,118,,,,,,,,,1,0,253,4,146,18,24
16.330586042,0x04FD0004,1,0,8,8,0x04,STOP,00 00 00 00 00 00 00 00,1,1,118,,,,,,,,,1,0,253,4,146,18,25
16.430594292,0x04FD0004,1,0,8,8,0x04,STOP,00 00 00 00 00 00 00 00,1,1,118,,,,,,,,,1,0,253,4,146,18,25
16.530603458,0x04FD0004,1,0,8,8,0x04,STOP,00 00 00 00 00 00 00 00,1,1,118,,,,,,,,,1,0,253,4,146,18,24
16.6306115,0x04FD0004,1,0,8,8,0x04,STOP,00 00 00 00 00 00 00 00,1,1,118,,,,,,,,,1,0,253,4,146,18,26
16.730620458,0x04FD0004,1,0,8,8,0x04,STOP,00 00 00 00 00 00 00 00,1,1,118,,,,,,,,,1,0,253,4,146,18,25
16.830629375,0x04FD0004,1,0,8,8,0x04,STOP,00 00 00 00 00 00 00 00,1,1,118,,,,,,,,,1,0,253,4,146,18,24
16.930637542,0x04FD0004,1,0,8,8,0x04,STOP,00 00 00 00 00 00 00 00,1,1,118,,,,,,,,,1,0,253,4,146,18,25
17.030646625,0x04FD0004,1,0,8,8,0x04,STOP,00 00 00 00 00 00 00 00,1,1,118,,,,,,,,,1,0,253,4,146,18,25
17.130654458,0x04FD0004,1,0,8,8,0x04,STOP,00 00 00 00 00 00 00 00,1,1,118,,,,,,,,,1,0,253,4,146,18,25
17.23066425,0x04FD0004,1,0,8,8,0x04,STOP,00 00 00 00 00 00 00 00,1,1,118,,,,,,,,,1,0,253,4,146,18,25
17.330672458,0x04FD0004,1,0,8,8,0x04,STOP,00 00 00 00 00 00 00 00,1,1,118,,,,,,,,,1,0,253,4,146,18,25
17.430681208,0x04FD0004,1,0,8,8,0x04,STOP,00 00 00 00 00 00 00 00,1,1,118,,,,,,,,,1,0,253,4,146,18,25
17.53069,0x04FD0004,1,0,8,8,0x04,STOP,00 00 00 00 00 00 00 00,1,1,118,,,,,,,,,1,0,253,4,146,18,25
17.63069875,0x04FD0004,1,0,8,8,0x04,STOP,00 00 00 00 00 00 00 00,1,1,118,,,,,,,,,1,0,253,4,146,18,25
17.630855208,0x02000400,1,0,8,8,0x02,FEEDBACK,99 F0 7F FF 7F FF 00 F2,0,0,118,0,0,0,4,2.547374227512016,24.2,-9.15541313801782e-05,-0.0007629510948348184,0,4,0,0,141,13,31
17.730707,0x04FD0004,1,0,8,8,0x04,STOP,00 00 00 00 00 00 00 00,1,1,118,,,,,,,,,1,0,253,4,146,18,25
17.830715292,0x04FD0004,1,0,8,8,0x04,STOP,00 00 00 00 00 00 00 00,1,1,118,,,,,,,,,1,0,253,4,146,18,25
17.930723792,0x04FD0004,1,0,8,8,0x04,STOP,00 00 00 00 00 00 00 00,1,1,118,,,,,,,,,1,0,253,4,146,18,25
18.030732792,0x04FD0004,1,0,8,8,0x04,STOP,00 00 00 00 00 00 00 00,1,1,118,,,,,,,,,1,0,253,4,146,18,25
18.130741875,0x04FD0004,1,0,8,8,0x04,STOP,00 00 00 00 00 00 00 00,1,1,118,,,,,,,,,1,0,253,4,146,18,25
18.230750583,0x04FD0004,1,0,8,8,0x04,STOP,00 00 00 00 00 00 00 00,1,1,118,,,,,,,,,1,0,253,4,146,18,25
18.230908292,0x02003200,1,0,6,0,0x02,FEEDBACK,,1,0,54,,,,,,,,,0,50,0,0,67,3,22
18.33075875,0x04FD0004,1,0,8,8,0x04,STOP,00 00 00 00 00 00 00 00,1,1,118,,,,,,,,,1,0,253,4,146,18,24
18.430768042,0x04FD0004,1,0,8,8,0x04,STOP,00 00 00 00 00 00 00 00,1,1,118,,,,,,,,,1,0,253,4,146,18,26
18.530776208,0x04FD0004,1,0,8,8,0x04,STOP,00 00 00 00 00 00 00 00,1,1,118,,,,,,,,,1,0,253,4,146,18,25
18.630784875,0x04FD0004,1,0,8,8,0x04,STOP,00 00 00 00 00 00 00 00,1,1,118,,,,,,,,,1,0,253,4,146,18,25
18.73079325,0x04FD0004,1,0,8,8,0x04,STOP,00 00 00 00 00 00 00 00,1,1,118,,,,,,,,,1,0,253,4,146,18,24
18.830802083,0x04FD0004,1,0,8,8,0x04,STOP,00 00 00 00 00 00 00 00,1,1,118,,,,,,,,,1,0,253,4,146,18,25
18.930810375,0x04FD0004,1,0,8,8,0x04,STOP,00 00 00 00 00 00 00 00,1,1,118,,,,,,,,,1,0,253,4,146,18,25
19.030819833,0x04FD0004,1,0,8,8,0x04,STOP,00 00 00 00 00 00 00 00,1,1,118,,,,,,,,,1,0,253,4,146,18,25
19.13082825,0x04FD0004,1,0,8,8,0x04,STOP,00 00 00 00 00 00 00 00,1,1,118,,,,,,,,,1,0,253,4,146,18,25
19.230837042,0x04FD0004,1,0,8,8,0x04,STOP,00 00 00 00 00 00 00 00,1,1,118,,,,,,,,,1,0,253,4,146,18,25
19.330845125,0x04FD0004,1,0,8,8,0x04,STOP,00 00 00 00 00 00 00 00,1,1,118,,,,,,,,,1,0,253,4,146,18,25
19.430854625,0x04FD0004,1,0,8,8,0x04,STOP,00 00 00 00 00 00 00 00,1,1,118,,,,,,,,,1,0,253,4,146,18,26
19.530862333,0x04FD0004,1,0,8,8,0x04,STOP,00 00 00 00 00 00 00 00,1,1,118,,,,,,,,,1,0,253,4,146,18,23
19.63087125,0x04FD0004,1,0,8,8,0x04,STOP,00 00 00 00 00 00 00 00,1,1,118,,,,,,,,,1,0,253,4,146,18,24
19.730879833,0x04FD0004,1,0,8,8,0x04,STOP,00 00 00 00 00 00 00 00,1,1,118,,,,,,,,,1,0,253,4,146,18,25
19.830889125,0x04FD0004,1,0,8,8,0x04,STOP,00 00 00 00 00 00 00 00,1,1,118,,,,,,,,,1,0,253,4,146,18,26
19.930897458,0x04FD0004,1,0,8,8,0x04,STOP,00 00 00 00 00 00 00 00,1,1,118,,,,,,,,,1,0,253,4,146,18,25
20.030905625,0x04FD0004,1,0,8,8,0x04,STOP,00 00 00 00 00 00 00 00,1,1,118,,,,,,,,,1,0,253,4,146,18,26
20.130914167,0x04FD0004,1,0,8,8,0x04,STOP,00 00 00 00 00 00 00 00,1,1,118,,,,,,,,,1,0,253,4,146,18,25
20.230923458,0x04FD0004,1,0,8,8,0x04,STOP,00 00 00 00 00 00 00 00,1,1,118,,,,,,,,,1,0,253,4,146,18,25
20.330931958,0x04FD0004,1,0,8,8,0x04,STOP,00 00 00 00 00 00 00 00,1,1,118,,,,,,,,,1,0,253,4,146,18,26
20.430966375,0x04FD0004,1,0,8,8,0x04,STOP,00 00 00 00 00 00 00 00,1,1,118,,,,,,,,,1,0,253,4,146,18,26
20.530986417,0x04FD0004,1,0,8,8,0x04,STOP,00 00 00 00 00 00 00 00,1,1,118,,,,,,,,,1,0,253,4,146,18,25
20.631076583,0x04FD0004,1,0,8,8,0x04,STOP,00 00 00 00 00 00 00 00,1,1,118,,,,,,,,,1,0,253,4,146,18,25
20.730966167,0x04FD0004,1,0,8,8,0x04,STOP,00 00 00 00 00 00 00 00,1,1,118,,,,,,,,,1,0,253,4,146,18,25
20.830975625,0x04FD0004,1,0,8,8,0x04,STOP,00 00 00 00 00 00 00 00,1,1,118,,,,,,,,,1,0,253,4,146,18,24
20.930984083,0x04FD0004,1,0,8,8,0x04,STOP,00 00 00 00 00 00 00 00,1,1,118,,,,,,,,,1,0,253,4,146,18,25
20.931134792,0x18000401,1,0,12,0,0x18,AUTO_REPORT,,0,0,54,,,,,,,,,0,4,0,1,68,4,26
21.030992208,0x04FD0004,1,0,8,8,0x04,STOP,00 00 00 00 00 00 00 00,1,1,118,,,,,,,,,1,0,253,4,146,18,25
21.131001042,0x04FD0004,1,0,8,8,0x04,STOP,00 00 00 00 00 00 00 00,1,1,118,,,,,,,,,1,0,253,4,146,18,25
21.2310095,0x04FD0004,1,0,8,8,0x04,STOP,00 00 00 00 00 00 00 00,1,1,118,,,,,,,,,1,0,253,4,146,18,24
21.331018375,0x04FD0004,1,0,8,8,0x04,STOP,00 00 00 00 00 00 00 00,1,1,118,,,,,,,,,1,0,253,4,146,18,25
21.431027125,0x04FD0004,1,0,8,8,0x04,STOP,00 00 00 00 00 00 00 00,1,1,118,,,,,,,,,1,0,253,4,146,18,25
21.531036,0x04FD0004,1,0,8,8,0x04,STOP,00 00 00 00 00 00 00 00,1,1,118,,,,,,,,,1,0,253,4,146,18,25
21.63104425,0x04FD0004,1,0,8,8,0x04,STOP,00 00 00 00 00 00 00 00,1,1,118,,,,,,,,,1,0,253,4,146,18,25
21.731053292,0x04FD0004,1,0,8,8,0x04,STOP,00 00 00 00 00 00 00 00,1,1,118,,,,,,,,,1,0,253,4,146,18,25
21.831061833,0x04FD0004,1,0,8,8,0x04,STOP,00 00 00 00 00 00 00 00,1,1,118,,,,,,,,,1,0,253,4,146,18,24
21.931070625,0x04FD0004,1,0,8,8,0x04,STOP,00 00 00 00 00 00 00 00,1,1,118,,,,,,,,,1,0,253,4,146,18,24
22.031078917,0x04FD0004,1,0,8,8,0x04,STOP,00 00 00 00 00 00 00 00,1,1,118,,,,,,,,,1,0,253,4,146,18,25
22.131088,0x04FD0004,1,0,8,8,0x04,STOP,00 00 00 00 00 00 00 00,1,1,118,,,,,,,,,1,0,253,4,146,18,26
22.231096167,0x04FD0004,1,0,8,8,0x04,STOP,00 00 00 00 00 00 00 00,1,1,118,,,,,,,,,1,0,253,4,146,18,25
22.331104583,0x04FD0004,1,0,8,8,0x04,STOP,00 00 00 00 00 00 00 00,1,1,118,,,,,,,,,1,0,253,4,146,18,25
22.431113958,0x04FD0004,1,0,8,8,0x04,STOP,00 00 00 00 00 00 00 00,1,1,118,,,,,,,,,1,0,253,4,146,18,25
22.531121917,0x04FD0004,1,0,8,8,0x04,STOP,00 00 00 00 00 00 00 00,1,1,118,,,,,,,,,1,0,253,4,146,18,24
22.63113075,0x04FD0004,1,0,8,8,0x04,STOP,00 00 00 00 00 00 00 00,1,1,118,,,,,,,,,1,0,253,4,146,18,25
22.731139583,0x04FD0004,1,0,8,8,0x04,STOP,00 00 00 00 00 00 00 00,1,1,118,,,,,,,,,1,0,253,4,146,18,25
22.831148542,0x04FD0004,1,0,8,8,0x04,STOP,00 00 00 00 00 00 00 00,1,1,118,,,,,,,,,1,0,253,4,146,18,24
22.931156917,0x04FD0004,1,0,8,8,0x04,STOP,00 00 00 00 00 00 00 00,1,1,118,,,,,,,,,1,0,253,4,146,18,25
23.031165958,0x04FD0004,1,0,8,8,0x04,STOP,00 00 00 00 00 00 00 00,1,1,118,,,,,,,,,1,0,253,4,146,18,24
23.131174208,0x04FD0004,1,0,8,8,0x04,STOP,00 00 00 00 00 00 00 00,1,1,118,,,,,,,,,1,0,253,4,146,18,25
23.231183667,0x04FD0004,1,0,8,8,0x04,STOP,00 00 00 00 00 00 00 00,1,1,118,,,,,,,,,1,0,253,4,146,18,25
23.331191167,0x04FD0004,1,0,8,8,0x04,STOP,00 00 00 00 00 00 00 00,1,1,118,,,,,,,,,1,0,253,4,146,18,26
23.431200083,0x04FD0004,1,0,8,8,0x04,STOP,00 00 00 00 00 00 00 00,1,1,118,,,,,,,,,1,0,253,4,146,18,26
23.531208333,0x04FD0004,1,0,8,8,0x04,STOP,00 00 00 00 00 00 00 00,1,1,118,,,,,,,,,1,0,253,4,146,18,23
23.631217875,0x04FD0004,1,0,8,8,0x04,STOP,00 00 00 00 00 00 00 00,1,1,118,,,,,,,,,1,0,253,4,146,18,24
23.731226125,0x04FD0004,1,0,8,8,0x04,STOP,00 00 00 00 00 00 00 00,1,1,118,,,,,,,,,1,0,253,4,146,18,25
23.831234708,0x04FD0004,1,0,8,8,0x04,STOP,00 00 00 00 00 00 00 00,1,1,118,,,,,,,,,1,0,253,4,146,18,26
23.931243167,0x04FD0004,1,0,8,8,0x04,STOP,00 00 00 00 00 00 00 00,1,1,118,,,,,,,,,1,0,253,4,146,18,24
24.031251875,0x04FD0004,1,0,8,8,0x04,STOP,00 00 00 00 00 00 00 00,1,1,118,,,,,,,,,1,0,253,4,146,18,24
24.131260208,0x04FD0004,1,0,8,8,0x04,STOP,00 00 00 00 00 00 00 00,1,1,118,,,,,,,,,1,0,253,4,146,18,25
24.231269625,0x04FD0004,1,0,8,8,0x04,STOP,00 00 00 00 00 00 00 00,1,1,118,,,,,,,,,1,0,253,4,146,18,25
24.331278042,0x04FD0004,1,0,8,8,0x04,STOP,00 00 00 00 00 00 00 00,1,1,118,,,,,,,,,1,0,253,4,146,18,25
24.431286958,0x04FD0004,1,0,8,8,0x04,STOP,00 00 00 00 00 00 00 00,1,1,118,,,,,,,,,1,0,253,4,146,18,25
24.531294875,0x04FD0004,1,0,8,8,0x04,STOP,00 00 00 00 00 00 00 00,1,1,118,,,,,,,,,1,0,253,4,146,18,25
24.631303792,0x04FD0004,1,0,8,8,0x04,STOP,00 00 00 00 00 00 00 00,1,1,118,,,,,,,,,1,0,253,4,146,18,25
24.731313208,0x04FD0004,1,0,8,8,0x04,STOP,00 00 00 00 00 00 00 00,1,1,118,,,,,,,,,1,0,253,4,146,18,25
24.831321125,0x04FD0004,1,0,8,8,0x04,STOP,00 00 00 00 00 00 00 00,1,1,118,,,,,,,,,1,0,253,4,146,18,24
24.931330042,0x04FD0004,1,0,8,8,0x04,STOP,00 00 00 00 00 00 00 00,1,1,118,,,,,,,,,1,0,253,4,146,18,25
25.0313385,0x04FD0004,1,0,8,8,0x04,STOP,00 00 00 00 00 00 00 00,1,1,118,,,,,,,,,1,0,253,4,146,18,25
25.131347375,0x04FD0004,1,0,8,8,0x04,STOP,00 00 00 00 00 00 00 00,1,1,118,,,,,,,,,1,0,253,4,146,18,25
25.2313565,0x04FD0004,1,0,8,8,0x04,STOP,00 00 00 00 00 00 00 00,1,1,118,,,,,,,,,1,0,253,4,146,18,25
25.33136425,0x04FD0004,1,0,8,8,0x04,STOP,00 00 00 00 00 00 00 00,1,1,118,,,,,,,,,1,0,253,4,146,18,25
25.431373208,0x04FD0004,1,0,8,8,0x04,STOP,00 00 00 00 00 00 00 00,1,1,118,,,,,,,,,1,0,253,4,146,18,25
25.53138225,0x04FD0004,1,0,8,8,0x04,STOP,00 00 00 00 00 00 00 00,1,1,118,,,,,,,,,1,0,253,4,146,18,26
25.63139025,0x04FD0004,1,0,8,8,0x04,STOP,00 00 00 00 00 00 00 00,1,1,118,,,,,,,,,1,0,253,4,146,18,25
25.731399083,0x04FD0004,1,0,8,8,0x04,STOP,00 00 00 00 00 00 00 00,1,1,118,,,,,,,,,1,0,253,4,146,18,24
25.8314085,0x04FD0004,1,0,8,8,0x04,STOP,00 00 00 00 00 00 00 00,1,1,118,,,,,,,,,1,0,253,4,146,18,24
25.931416958,0x04FD0004,1,0,8,8,0x04,STOP,00 00 00 00 00 00 00 00,1,1,118,,,,,,,,,1,0,253,4,146,18,25
26.031425917,0x04FD0004,1,0,8,8,0x04,STOP,00 00 00 00 00 00 00 00,1,1,118,,,,,,,,,1,0,253,4,146,18,25
26.131434042,0x04FD0004,1,0,8,8,0x04,STOP,00 00 00 00 00 00 00 00,1,1,118,,,,,,,,,1,0,253,4,146,18,25
26.231442292,0x04FD0004,1,0,8,8,0x04,STOP,00 00 00 00 00 00 00 00,1,1,118,,,,,,,,,1,0,253,4,146,18,25
26.331451292,0x04FD0004,1,0,8,8,0x04,STOP,00 00 00 00 00 00 00 00,1,1,118,,,,,,,,,1,0,253,4,146,18,25
26.431460292,0x04FD0004,1,0,8,8,0x04,STOP,00 00 00 00 00 00 00 00,1,1,118,,,,,,,,,1,0,253,4,146,18,25
26.53146875,0x04FD0004,1,0,8,8,0x04,STOP,00 00 00 00 00 00 00 00,1,1,118,,,,,,,,,1,0,253,4,146,18,25
26.631477708,0x04FD0004,1,0,8,8,0x04,STOP,00 00 00 00 00 00 00 00,1,1,118,,,,,,,,,1,0,253,4,146,18,24
26.73148525,0x04FD0004,1,0,8,8,0x04,STOP,00 00 00 00 00 00 00 00,1,1,118,,,,,,,,,1,0,253,4,146,18,25
26.83149425,0x04FD0004,1,0,8,8,0x04,STOP,00 00 00 00 00 00 00 00,1,1,118,,,,,,,,,1,0,253,4,146,18,25
26.931503125,0x04FD0004,1,0,8,8,0x04,STOP,00 00 00 00 00 00 00 00,1,1,118,,,,,,,,,1,0,253,4,146,18,25
27.031512125,0x04FD0004,1,0,8,8,0x04,STOP,00 00 00 00 00 00 00 00,1,1,118,,,,,,,,,1,0,253,4,146,18,25
27.131520167,0x04FD0004,1,0,8,8,0x04,STOP,00 00 00 00 00 00 00 00,1,1,118,,,,,,,,,1,0,253,4,146,18,26
27.231529583,0x04FD0004,1,0,8,8,0x04,STOP,00 00 00 00 00 00 00 00,1,1,118,,,,,,,,,1,0,253,4,146,18,25
27.331537167,0x04FD0004,1,0,8,8,0x04,STOP,00 00 00 00 00 00 00 00,1,1,118,,,,,,,,,1,0,253,4,146,18,26
27.431546542,0x04FD0004,1,0,8,8,0x04,STOP,00 00 00 00 00 00 00 00,1,1,118,,,,,,,,,1,0,253,4,146,18,25
27.531554583,0x04FD0004,1,0,8,8,0x04,STOP,00 00 00 00 00 00 00 00,1,1,118,,,,,,,,,1,0,253,4,146,18,24
27.631564542,0x04FD0004,1,0,8,8,0x04,STOP,00 00 00 00 00 00 00 00,1,1,118,,,,,,,,,1,0,253,4,146,18,25
27.731572542,0x04FD0004,1,0,8,8,0x04,STOP,00 00 00 00 00 00 00 00,1,1,118,,,,,,,,,1,0,253,4,146,18,25
27.831581542,0x04FD0004,1,0,8,8,0x04,STOP,00 00 00 00 00 00 00 00,1,1,118,,,,,,,,,1,0,253,4,146,18,25
27.931590042,0x04FD0004,1,0,8,8,0x04,STOP,00 00 00 00 00 00 00 00,1,1,118,,,,,,,,,1,0,253,4,146,18,24
28.031598042,0x04FD0004,1,0,8,8,0x04,STOP,00 00 00 00 00 00 00 00,1,1,118,,,,,,,,,1,0,253,4,146,18,23
28.12567125,0x18000400,1,0,8,8,0x18,AUTO_REPORT,99 F0 7F FF 7F FF 00 D2,1,1,118,0,0,0,4,2.547374227512016,21.0,-9.15541313801782e-05,-0.0007629510948348184,1,4,0,0,141,13,40
28.131607083,0x04FD0004,1,0,8,8,0x04,STOP,00 00 00 00 00 00 00 00,1,1,118,,,,,,,,,1,0,253,4,146,18,23
28.231616042,0x04FD0004,1,0,8,8,0x04,STOP,00 00 00 00 00 00 00 00,1,1,118,,,,,,,,,1,0,253,4,146,18,25
28.331624042,0x04FD0004,1,0,8,8,0x04,STOP,00 00 00 00 00 00 00 00,1,1,118,,,,,,,,,1,0,253,4,146,18,25
28.431632625,0x04FD0004,1,0,8,8,0x04,STOP,00 00 00 00 00 00 00 00,1,1,118,,,,,,,,,1,0,253,4,146,18,23
28.531641208,0x04FD0004,1,0,8,8,0x04,STOP,00 00 00 00 00 00 00 00,1,1,118,,,,,,,,,1,0,253,4,146,18,26
28.631650625,0x04FD0004,1,0,8,8,0x04,STOP,00 00 00 00 00 00 00 00,1,1,118,,,,,,,,,1,0,253,4,146,18,25
28.731658625,0x04FD0004,1,0,8,8,0x04,STOP,00 00 00 00 00 00 00 00,1,1,118,,,,,,,,,1,0,253,4,146,18,24
28.831667625,0x04FD0004,1,0,8,8,0x04,STOP,00 00 00 00 00 00 00 00,1,1,118,,,,,,,,,1,0,253,4,146,18,24
28.931675708,0x04FD0004,1,0,8,8,0x04,STOP,00 00 00 00 00 00 00 00,1,1,118,,,,,,,,,1,0,253,4,146,18,25
29.031685167,0x04FD0004,1,0,8,8,0x04,STOP,00 00 00 00 00 00 00 00,1,1,118,,,,,,,,,1,0,253,4,146,18,26
29.131693208,0x04FD0004,1,0,8,8,0x04,STOP,00 00 00 00 00 00 00 00,1,1,118,,,,,,,,,1,0,253,4,146,18,23
29.231702667,0x04FD0004,1,0,8,8,0x04,STOP,00 00 00 00 00 00 00 00,1,1,118,,,,,,,,,1,0,253,4,146,18,25
29.33171125,0x04FD0004,1,0,8,8,0x04,STOP,00 00 00 00 00 00 00 00,1,1,118,,,,,,,,,1,0,253,4,146,18,25
29.431719458,0x04FD0004,1,0,8,8,0x04,STOP,00 00 00 00 00 00 00 00,1,1,118,,,,,,,,,1,0,253,4,146,18,25
29.531728,0x04FD0004,1,0,8,8,0x04,STOP,00 00 00 00 00 00 00 00,1,1,118,,,,,,,,,1,0,253,4,146,18,24
29.631737,0x04FD0004,1,0,8,8,0x04,STOP,00 00 00 00 00 00 00 00,1,1,118,,,,,,,,,1,0,253,4,146,18,26
29.731745375,0x04FD0004,1,0,8,8,0x04,STOP,00 00 00 00 00 00 00 00,1,1,118,,,,,,,,,1,0,253,4,146,18,24
29.831754083,0x04FD0004,1,0,8,8,0x04,STOP,00 00 00 00 00 00 00 00,1,1,118,,,,,,,,,1,0,253,4,146,18,25
29.9317625,0x04FD0004,1,0,8,8,0x04,STOP,00 00 00 00 00 00 00 00,1,1,118,,,,,,,,,1,0,253,4,146,18,25
30.031771583,0x04FD0004,1,0,8,8,0x04,STOP,00 00 00 00 00 00 00 00,1,1,118,,,,,,,,,1,0,253,4,146,18,25
30.131780083,0x04FD0004,1,0,8,8,0x04,STOP,00 00 00 00 00 00 00 00,1,1,118,,,,,,,,,1,0,253,4,146,18,25
30.231789125,0x04FD0004,1,0,8,8,0x04,STOP,00 00 00 00 00 00 00 00,1,1,118,,,,,,,,,1,0,253,4,146,18,25
30.331796833,0x04FD0004,1,0,8,8,0x04,STOP,00 00 00 00 00 00 00 00,1,1,118,,,,,,,,,1,0,253,4,146,18,26
30.43180625,0x04FD0004,1,0,8,8,0x04,STOP,00 00 00 00 00 00 00 00,1,1,118,,,,,,,,,1,0,253,4,146,18,24
30.531814917,0x04FD0004,1,0,8,8,0x04,STOP,00 00 00 00 00 00 00 00,1,1,118,,,,,,,,,1,0,253,4,146,18,25
30.631823833,0x04FD0004,1,0,8,8,0x04,STOP,00 00 00 00 00 00 00 00,1,1,118,,,,,,,,,1,0,253,4,146,18,25
30.731831583,0x04FD0004,1,0,8,8,0x04,STOP,00 00 00 00 00 00 00 00,1,1,118,,,,,,,,,1,0,253,4,146,18,24
30.831840667,0x04FD0004,1,0,8,8,0x04,STOP,00 00 00 00 00 00 00 00,1,1,118,,,,,,,,,1,0,253,4,146,18,25
30.931849125,0x04FD0004,1,0,8,8,0x04,STOP,00 00 00 00 00 00 00 00,1,1,118,,,,,,,,,1,0,253,4,146,18,26
31.031858083,0x04FD0004,1,0,8,8,0x04,STOP,00 00 00 00 00 00 00 00,1,1,118,,,,,,,,,1,0,253,4,146,18,24
31.131866625,0x04FD0004,1,0,8,8,0x04,STOP,00 00 00 00 00 00 00 00,1,1,118,,,,,,,,,1,0,253,4,146,18,24
31.231875083,0x04FD0004,1,0,8,8,0x04,STOP,00 00 00 00 00 00 00 00,1,1,118,,,,,,,,,1,0,253,4,146,18,24
31.33188425,0x04FD0004,1,0,8,8,0x04,STOP,00 00 00 00 00 00 00 00,1,1,118,,,,,,,,,1,0,253,4,146,18,23
31.431892375,0x04FD0004,1,0,8,8,0x04,STOP,00 00 00 00 00 00 00 00,1,1,118,,,,,,,,,1,0,253,4,146,18,26
31.531901583,0x04FD0004,1,0,8,8,0x04,STOP,00 00 00 00 00 00 00 00,1,1,118,,,,,,,,,1,0,253,4,146,18,25
31.631909875,0x04FD0004,1,0,8,8,0x04,STOP,00 00 00 00 00 00 00 00,1,1,118,,,,,,,,,1,0,253,4,146,18,25
31.731918875,0x04FD0004,1,0,8,8,0x04,STOP,00 00 00 00 00 00 00 00,1,1,118,,,,,,,,,1,0,253,4,146,18,24
31.831927542,0x04FD0004,1,0,8,8,0x04,STOP,00 00 00 00 00 00 00 00,1,1,118,,,,,,,,,1,0,253,4,146,18,25
31.931935667,0x04FD0004,1,0,8,8,0x04,STOP,00 00 00 00 00 00 00 00,1,1,118,,,,,,,,,1,0,253,4,146,18,24
32.031944625,0x04FD0004,1,0,8,8,0x04,STOP,00 00 00 00 00 00 00 00,1,1,118,,,,,,,,,1,0,253,4,146,18,25
32.13195325,0x04FD0004,1,0,8,8,0x04,STOP,00 00 00 00 00 00 00 00,1,1,118,,,,,,,,,1,0,253,4,146,18,24
32.23196225,0x04FD0004,1,0,8,8,0x04,STOP,00 00 00 00 00 00 00 00,1,1,118,,,,,,,,,1,0,253,4,146,18,25
32.331970375,0x04FD0004,1,0,8,8,0x04,STOP,00 00 00 00 00 00 00 00,1,1,118,,,,,,,,,1,0,253,4,146,18,24
32.431979833,0x04FD0004,1,0,8,8,0x04,STOP,00 00 00 00 00 00 00 00,1,1,118,,,,,,,,,1,0,253,4,146,18,25
32.531987958,0x04FD0004,1,0,8,8,0x04,STOP,00 00 00 00 00 00 00 00,1,1,118,,,,,,,,,1,0,253,4,146,18,24
32.631996625,0x04FD0004,1,0,8,8,0x04,STOP,00 00 00 00 00 00 00 00,1,1,118,,,,,,,,,1,0,253,4,146,18,26
32.732005,0x04FD0004,1,0,8,8,0x04,STOP,00 00 00 00 00 00 00 00,1,1,118,,,,,,,,,1,0,253,4,146,18,25
32.832013833,0x04FD0004,1,0,8,8,0x04,STOP,00 00 00 00 00 00 00 00,1,1,118,,,,,,,,,1,0,253,4,146,18,26
32.932022208,0x04FD0004,1,0,8,8,0x04,STOP,00 00 00 00 00 00 00 00,1,1,118,,,,,,,,,1,0,253,4,146,18,25
33.032031208,0x04FD0004,1,0,8,8,0x04,STOP,00 00 00 00 00 00 00 00,1,1,118,,,,,,,,,1,0,253,4,146,18,25
33.132039792,0x04FD0004,1,0,8,8,0x04,STOP,00 00 00 00 00 00 00 00,1,1,118,,,,,,,,,1,0,253,4,146,18,25
33.232048958,0x04FD0004,1,0,8,8,0x04,STOP,00 00 00 00 00 00 00 00,1,1,118,,,,,,,,,1,0,253,4,146,18,25
33.332057125,0x04FD0004,1,0,8,8,0x04,STOP,00 00 00 00 00 00 00 00,1,1,118,,,,,,,,,1,0,253,4,146,18,25
33.432066042,0x04FD0004,1,0,8,8,0x04,STOP,00 00 00 00 00 00 00 00,1,1,118,,,,,,,,,1,0,253,4,146,18,24
33.532074542,0x04FD0004,1,0,8,8,0x04,STOP,00 00 00 00 00 00 00 00,1,1,118,,,,,,,,,1,0,253,4,146,18,25
33.632083583,0x04FD0004,1,0,8,8,0x04,STOP,00 00 00 00 00 00 00 00,1,1,118,,,,,,,,,1,0,253,4,146,18,25
33.732091917,0x04FD0004,1,0,8,8,0x04,STOP,00 00 00 00 00 00 00 00,1,1,118,,,,,,,,,1,0,253,4,146,18,24
33.832100083,0x04FD0004,1,0,8,8,0x04,STOP,00 00 00 00 00 00 00 00,1,1,118,,,,,,,,,1,0,253,4,146,18,25
33.932109167,0x04FD0004,1,0,8,8,0x04,STOP,00 00 00 00 00 00 00 00,1,1,118,,,,,,,,,1,0,253,4,146,18,25
34.032117917,0x04FD0004,1,0,8,8,0x04,STOP,00 00 00 00 00 00 00 00,1,1,118,,,,,,,,,1,0,253,4,146,18,24
34.132126417,0x04FD0004,1,0,8,8,0x04,STOP,00 00 00 00 00 00 00 00,1,1,118,,,,,,,,,1,0,253,4,146,18,24
34.232135583,0x04FD0004,1,0,8,8,0x04,STOP,00 00 00 00 00 00 00 00,1,1,118,,,,,,,,,1,0,253,4,146,18,25
34.332143333,0x04FD0004,1,0,8,8,0x04,STOP,00 00 00 00 00 00 00 00,1,1,118,,,,,,,,,1,0,253,4,146,18,25
34.432153042,0x04FD0004,1,0,8,8,0x04,STOP,00 00 00 00 00 00 00 00,1,1,118,,,,,,,,,1,0,253,4,146,18,26
34.532160708,0x04FD0004,1,0,8,8,0x04,STOP,00 00 00 00 00 00 00 00,1,1,118,,,,,,,,,1,0,253,4,146,18,24
34.63216975,0x04FD0004,1,0,8,8,0x04,STOP,00 00 00 00 00 00 00 00,1,1,118,,,,,,,,,1,0,253,4,146,18,24
34.732177792,0x04FD0004,1,0,8,8,0x04,STOP,00 00 00 00 00 00 00 00,1,1,118,,,,,,,,,1,0,253,4,146,18,24
34.832187792,0x04FD0004,1,0,8,8,0x04,STOP,00 00 00 00 00 00 00 00,1,1,118,,,,,,,,,1,0,253,4,146,18,26
34.932195917,0x04FD0004,1,0,8,8,0x04,STOP,00 00 00 00 00 00 00 00,1,1,118,,,,,,,,,1,0,253,4,146,18,24
35.032204333,0x04FD0004,1,0,8,8,0x04,STOP,00 00 00 00 00 00 00 00,1,1,118,,,,,,,,,1,0,253,4,146,18,25
35.132212667,0x04FD0004,1,0,8,8,0x04,STOP,00 00 00 00 00 00 00 00,1,1,118,,,,,,,,,1,0,253,4,146,18,25
35.2322215,0x04FD0004,1,0,8,8,0x04,STOP,00 00 00 00 00 00 00 00,1,1,118,,,,,,,,,1,0,253,4,146,18,25
35.332230167,0x04FD0004,1,0,8,8,0x04,STOP,00 00 00 00 00 00 00 00,1,1,118,,,,,,,,,1,0,253,4,146,18,24
35.432238667,0x04FD0004,1,0,8,8,0x04,STOP,00 00 00 00 00 00 00 00,1,1,118,,,,,,,,,1,0,253,4,146,18,25
35.5322475,0x04FD0004,1,0,8,8,0x04,STOP,00 00 00 00 00 00 00 00,1,1,118,,,,,,,,,1,0,253,4,146,18,25
35.63225625,0x04FD0004,1,0,8,8,0x04,STOP,00 00 00 00 00 00 00 00,1,1,118,,,,,,,,,1,0,253,4,146,18,25
35.732264958,0x04FD0004,1,0,8,8,0x04,STOP,00 00 00 00 00 00 00 00,1,1,118,,,,,,,,,1,0,253,4,146,18,24
35.83227325,0x04FD0004,1,0,8,8,0x04,STOP,00 00 00 00 00 00 00 00,1,1,118,,,,,,,,,1,0,253,4,146,18,25
35.932282458,0x04FD0004,1,0,8,8,0x04,STOP,00 00 00 00 00 00 00 00,1,1,118,,,,,,,,,1,0,253,4,146,18,25
36.032291042,0x04FD0004,1,0,8,8,0x04,STOP,00 00 00 00 00 00 00 00,1,1,118,,,,,,,,,1,0,253,4,146,18,25
36.132299208,0x04FD0004,1,0,8,8,0x04,STOP,00 00 00 00 00 00 00 00,1,1,118,,,,,,,,,1,0,253,4,146,18,25
36.232308167,0x04FD0004,1,0,8,8,0x04,STOP,00 00 00 00 00 00 00 00,1,1,118,,,,,,,,,1,0,253,4,146,18,25
36.332317125,0x04FD0004,1,0,8,8,0x04,STOP,00 00 00 00 00 00 00 00,1,1,118,,,,,,,,,1,0,253,4,146,18,25
36.432326292,0x04FD0004,1,0,8,8,0x04,STOP,00 00 00 00 00 00 00 00,1,1,118,,,,,,,,,1,0,253,4,146,18,25
36.532334375,0x04FD0004,1,0,8,8,0x04,STOP,00 00 00 00 00 00 00 00,1,1,118,,,,,,,,,1,0,253,4,146,18,25
36.632342583,0x04FD0004,1,0,8,8,0x04,STOP,00 00 00 00 00 00 00 00,1,1,118,,,,,,,,,1,0,253,4,146,18,25
36.732351542,0x04FD0004,1,0,8,8,0x04,STOP,00 00 00 00 00 00 00 00,1,1,118,,,,,,,,,1,0,253,4,146,18,24
36.832360375,0x04FD0004,1,0,8,8,0x04,STOP,00 00 00 00 00 00 00 00,1,1,118,,,,,,,,,1,0,253,4,146,18,26
36.932369208,0x04FD0004,1,0,8,8,0x04,STOP,00 00 00 00 00 00 00 00,1,1,118,,,,,,,,,1,0,253,4,146,18,25
37.032377875,0x04FD0004,1,0,8,8,0x04,STOP,00 00 00 00 00 00 00 00,1,1,118,,,,,,,,,1,0,253,4,146,18,25
37.132386375,0x04FD0004,1,0,8,8,0x04,STOP,00 00 00 00 00 00 00 00,1,1,118,,,,,,,,,1,0,253,4,146,18,25
37.232395167,0x04FD0004,1,0,8,8,0x04,STOP,00 00 00 00 00 00 00 00,1,1,118,,,,,,,,,1,0,253,4,146,18,26
37.232575958,0x061A1200,1,0,4,4,0x06,SET_ZERO,4C F8 3F FF,0,0,86,,,,,,,,,0,18,26,0,105,9,32
37.332403208,0x04FD0004,1,0,8,8,0x04,STOP,00 00 00 00 00 00 00 00,1,1,118,,,,,,,,,1,0,253,4,146,18,24
37.432412375,0x04FD0004,1,0,8,8,0x04,STOP,00 00 00 00 00 00 00 00,1,1,118,,,,,,,,,1,0,253,4,146,18,26
37.53242075,0x04FD0004,1,0,8,8,0x04,STOP,00 00 00 00 00 00 00 00,1,1,118,,,,,,,,,1,0,253,4,146,18,25
37.632429333,0x04FD0004,1,0,8,8,0x04,STOP,00 00 00 00 00 00 00 00,1,1,118,,,,,,,,,1,0,253,4,146,18,24
37.732437917,0x04FD0004,1,0,8,8,0x04,STOP,00 00 00 00 00 00 00 00,1,1,118,,,,,,,,,1,0,253,4,146,18,24
37.8324475,0x04FD0004,1,0,8,8,0x04,STOP,00 00 00 00 00 00 00 00,1,1,118,,,,,,,,,1,0,253,4,146,18,25
37.93245525,0x04FD0004,1,0,8,8,0x04,STOP,00 00 00 00 00 00 00 00,1,1,118,,,,,,,,,1,0,253,4,146,18,26
38.032464708,0x04FD0004,1,0,8,8,0x04,STOP,00 00 00 00 00 00 00 00,1,1,118,,,,,,,,,1,0,253,4,146,18,25
38.132472792,0x04FD0004,1,0,8,8,0x04,STOP,00 00 00 00 00 00 00 00,1,1,118,,,,,,,,,1,0,253,4,146,18,25
38.232481083,0x04FD0004,1,0,8,8,0x04,STOP,00 00 00 00 00 00 00 00,1,1,118,,,,,,,,,1,0,253,4,146,18,26
38.332490042,0x04FD0004,1,0,8,8,0x04,STOP,00 00 00 00 00 00 00 00,1,1,118,,,,,,,,,1,0,253,4,146,18,25
38.432498375,0x04FD0004,1,0,8,8,0x04,STOP,00 00 00 00 00 00 00 00,1,1,118,,,,,,,,,1,0,253,4,146,18,26
38.53250725,0x04FD0004,1,0,8,8,0x04,STOP,00 00 00 00 00 00 00 00,1,1,118,,,,,,,,,1,0,253,4,146,18,24
38.53266375,0x02000400,1,0,8,8,0x02,FEEDBACK,99 F0 7F FF 7F FF 00 D2,0,1,118,0,0,0,4,2.547374227512016,21.0,-9.15541313801782e-05,-0.0007629510948348184,0,4,0,0,141,13,52
38.632515833,0x04FD0004,1,0,8,8,0x04,STOP,00 00 00 00 00 00 00 00,1,1,118,,,,,,,,,1,0,253,4,146,18,25
38.63267225,0x02000400,1,0,8,8,0x02,FEEDBACK,99 F0 7F FF 7F FF 18 FD,0,0,118,0,0,0,4,2.547374227512016,639.7,-9.15541313801782e-05,-0.0007629510948348184,0,4,0,0,141,13,43
38.732524583,0x04FD0004,1,0,8,8,0x04,STOP,00 00 00 00 00 00 00 00,1,1,118,,,,,,,,,1,0,253,4,146,18,25
38.832533042,0x04FD0004,1,0,8,8,0x04,STOP,00 00 00 00 00 00 00 00,1,1,118,,,,,,,,,1,0,253,4,146,18,24
38.932555167,0x04FD0004,1,0,8,8,0x04,STOP,00 00 00 00 00 00 00 00,1,1,118,,,,,,,,,1,0,253,4,146,18,25
39.032599292,0x04FD0004,1,0,8,8,0x04,STOP,00 00 00 00 00 00 00 00,1,1,118,,,,,,,,,1,0,253,4,146,18,26
39.132660125,0x04FD0004,1,0,8,8,0x04,STOP,00 00 00 00 00 00 00 00,1,1,118,,,,,,,,,1,0,253,4,146,18,24
39.232567958,0x04FD0004,1,0,8,8,0x04,STOP,00 00 00 00 00 00 00 00,1,1,118,,,,,,,,,1,0,253,4,146,18,25
39.332576208,0x04FD0004,1,0,8,8,0x04,STOP,00 00 00 00 00 00 00 00,1,1,118,,,,,,,,,1,0,253,4,146,18,24
39.432585208,0x04FD0004,1,0,8,8,0x04,STOP,00 00 00 00 00 00 00 00,1,1,118,,,,,,,,,1,0,253,4,146,18,25
39.532593833,0x04FD0004,1,0,8,8,0x04,STOP,00 00 00 00 00 00 00 00,1,1,118,,,,,,,,,1,0,253,4,146,18,25
39.632603042,0x04FD0004,1,0,8,8,0x04,STOP,00 00 00 00 00 00 00 00,1,1,118,,,,,,,,,1,0,253,4,146,18,25
39.732611208,0x04FD0004,1,0,8,8,0x04,STOP,00 00 00 00 00 00 00 00,1,1,118,,,,,,,,,1,0,253,4,146,18,26
39.832620625,0x04FD0004,1,0,8,8,0x04,STOP,00 00 00 00 00 00 00 00,1,1,118,,,,,,,,,1,0,253,4,146,18,25
39.932628792,0x04FD0004,1,0,8,8,0x04,STOP,00 00 00 00 00 00 00 00,1,1,118,,,,,,,,,1,0,253,4,146,18,24
40.032637,0x04FD0004,1,0,8,8,0x04,STOP,00 00 00 00 00 00 00 00,1,1,118,,,,,,,,,1,0,253,4,146,18,25
40.032796458,0x02000400,1,0,8,8,0x02,FEEDBACK,99 F0 7F FF 7F FF 00 D2,0,1,118,0,0,0,4,2.547374227512016,21.0,-9.15541313801782e-05,-0.0007629510948348184,0,4,0,0,141,13,54
40.132646083,0x04FD0004,1,0,8,8,0x04,STOP,00 00 00 00 00 00 00 00,1,1,118,,,,,,,,,1,0,253,4,146,18,23
40.132806542,0x02000400,1,0,8,8,0x02,FEEDBACK,99 F0 7F FF 7F FF 00 D2,0,1,118,0,0,0,4,2.547374227512016,21.0,-9.15541313801782e-05,-0.0007629510948348184,0,4,0,0,141,13,46
40.232654667,0x04FD0004,1,0,8,8,0x04,STOP,00 00 00 00 00 00 00 00,1,1,118,,,,,,,,,1,0,253,4,146,18,25
40.232816125,0x02000400,1,0,8,8,0x02,FEEDBACK,99 F0 7F FF 7F FF 01 FF,1,0,118,0,0,0,4,2.547374227512016,51.1,-9.15541313801782e-05,-0.0007629510948348184,1,4,0,0,142,14,46
40.332663375,0x04FD0004,1,0,8,8,0x04,STOP,00 00 00 00 00 00 00 00,1,1,118,,,,,,,,,1,0,253,4,146,18,24
40.432672375,0x04FD0004,1,0,8,8,0x04,STOP,00 00 00 00 00 00 00 00,1,1,118,,,,,,,,,1,0,253,4,146,18,25
40.532680792,0x04FD0004,1,0,8,8,0x04,STOP,00 00 00 00 00 00 00 00,1,1,118,,,,,,,,,1,0,253,4,146,18,25
40.632689583,0x04FD0004,1,0,8,8,0x04,STOP,00 00 00 00 00 00 00 00,1,1,118,,,,,,,,,1,0,253,4,146,18,25
40.732697792,0x04FD0004,1,0,8,8,0x04,STOP,00 00 00 00 00 00 00 00,1,1,118,,,,,,,,,1,0,253,4,146,18,25
40.832706833,0x04FD0004,1,0,8,8,0x04,STOP,00 00 00 00 00 00 00 00,1,1,118,,,,,,,,,1,0,253,4,146,18,25
40.932715583,0x04FD0004,1,0,8,8,0x04,STOP,00 00 00 00 00 00 00 00,1,1,118,,,,,,,,,1,0,253,4,146,18,24
41.032724208,0x04FD0004,1,0,8,8,0x04,STOP,00 00 00 00 00 00 00 00,1,1,118,,,,,,,,,1,0,253,4,146,18,25
41.032892667,0x02000400,1,0,8,8,0x02,FEEDBACK,99 F0 7F FF 7F FF 00 D2,0,0,118,0,0,0,4,2.547374227512016,21.0,-9.15541313801782e-05,-0.0007629510948348184,0,4,0,0,141,13,43
41.132732417,0x04FD0004,1,0,8,8,0x04,STOP,00 00 00 00 00 00 00 00,1,1,118,,,,,,,,,1,0,253,4,146,18,24
41.232741042,0x04FD0004,1,0,8,8,0x04,STOP,00 00 00 00 00 00 00 00,1,1,118,,,,,,,,,1,0,253,4,146,18,25
41.332749292,0x04FD0004,1,0,8,8,0x04,STOP,00 00 00 00 00 00 00 00,1,1,118,,,,,,,,,1,0,253,4,146,18,24
41.432758125,0x04FD0004,1,0,8,8,0x04,STOP,00 00 00 00 00 00 00 00,1,1,118,,,,,,,,,1,0,253,4,146,18,25
41.532766583,0x04FD0004,1,0,8,8,0x04,STOP,00 00 00 00 00 00 00 00,1,1,118,,,,,,,,,1,0,253,4,146,18,24
41.632776125,0x04FD0004,1,0,8,8,0x04,STOP,00 00 00 00 00 00 00 00,1,1,118,,,,,,,,,1,0,253,4,146,18,26
41.732784667,0x04FD0004,1,0,8,8,0x04,STOP,00 00 00 00 00 00 00 00,1,1,118,,,,,,,,,1,0,253,4,146,18,24
41.83279375,0x04FD0004,1,0,8,8,0x04,STOP,00 00 00 00 00 00 00 00,1,1,118,,,,,,,,,1,0,253,4,146,18,25
41.932801875,0x04FD0004,1,0,8,8,0x04,STOP,00 00 00 00 00 00 00 00,1,1,118,,,,,,,,,1,0,253,4,146,18,25
42.032811042,0x04FD0004,1,0,8,8,0x04,STOP,00 00 00 00 00 00 00 00,1,1,118,,,,,,,,,1,0,253,4,146,18,25
42.032988542,0x02000400,1,0,8,8,0x02,FEEDBACK,99 F0 7F FF 7F FF 18 7B,0,0,118,0,0,0,4,2.547374227512016,626.7,-9.15541313801782e-05,-0.0007629510948348184,0,4,0,0,140,12,41
42.132819667,0x04FD0004,1,0,8,8,0x04,STOP,00 00 00 00 00 00 00 00,1,1,118,,,,,,,,,1,0,253,4,146,18,25
42.232828208,0x04FD0004,1,0,8,8,0x04,STOP,00 00 00 00 00 00 00 00,1,1,118,,,,,,,,,1,0,253,4,146,18,25
42.332836125,0x04FD0004,1,0,8,8,0x04,STOP,00 00 00 00 00 00 00 00,1,1,118,,,,,,,,,1,0,253,4,146,18,24
42.432844833,0x04FD0004,1,0,8,8,0x04,STOP,00 00 00 00 00 00 00 00,1,1,118,,,,,,,,,1,0,253,4,146,18,25
42.433025625,0x061A1200,1,0,4,4,0x06,SET_ZERO,4C F8 3F FF,0,0,86,,,,,,,,,0,18,26,0,105,9,28
42.53285325,0x04FD0004,1,0,8,8,0x04,STOP,00 00 00 00 00 00 00 00,1,1,118,,,,,,,,,1,0,253,4,146,18,24
42.632862667,0x04FD0004,1,0,8,8,0x04,STOP,00 00 00 00 00 00 00 00,1,1,118,,,,,,,,,1,0,253,4,146,18,25
42.732870833,0x04FD0004,1,0,8,8,0x04,STOP,00 00 00 00 00 00 00 00,1,1,118,,,,,,,,,1,0,253,4,146,18,25
42.83287975,0x04FD0004,1,0,8,8,0x04,STOP,00 00 00 00 00 00 00 00,1,1,118,,,,,,,,,1,0,253,4,146,18,25
42.932888417,0x04FD0004,1,0,8,8,0x04,STOP,00 00 00 00 00 00 00 00,1,1,118,,,,,,,,,1,0,253,4,146,18,25
42.933068958,0x02000400,1,0,8,8,0x02,FEEDBACK,99 F0 7F FF 7F FF 00 D7,1,0,118,0,0,0,4,2.547374227512016,21.5,-9.15541313801782e-05,-0.0007629510948348184,1,4,0,0,142,14,42
43.032897208,0x04FD0004,1,0,8,8,0x04,STOP,00 00 00 00 00 00 00 00,1,1,118,,,,,,,,,1,0,253,4,146,18,24
43.033077625,0x02000400,1,0,8,8,0x02,FEEDBACK,99 F0 7F FF 7F FF 00 D2,0,0,118,0,0,0,4,2.547374227512016,21.0,-9.15541313801782e-05,-0.0007629510948348184,0,4,0,0,141,13,39
43.13290575,0x04FD0004,1,0,8,8,0x04,STOP,00 00 00 00 00 00 00 00,1,1,118,,,,,,,,,1,0,253,4,146,18,24
43.232914417,0x04FD0004,1,0,8,8,0x04,STOP,00 00 00 00 00 00 00 00,1,1,118,,,,,,,,,1,0,253,4,146,18,25
43.332922542,0x04FD0004,1,0,8,8,0x04,STOP,00 00 00 00 00 00 00 00,1,1,118,,,,,,,,,1,0,253,4,146,18,24
43.4329315,0x04FD0004,1,0,8,8,0x04,STOP,00 00 00 00 00 00 00 00,1,1,118,,,,,,,,,1,0,253,4,146,18,26
43.53294025,0x04FD0004,1,0,8,8,0x04,STOP,00 00 00 00 00 00 00 00,1,1,118,,,,,,,,,1,0,253,4,146,18,25
43.632949458,0x04FD0004,1,0,8,8,0x04,STOP,00 00 00 00 00 00 00 00,1,1,118,,,,,,,,,1,0,253,4,146,18,25
43.732957583,0x04FD0004,1,0,8,8,0x04,STOP,00 00 00 00 00 00 00 00,1,1,118,,,,,,,,,1,0,253,4,146,18,25
43.8329665,0x04FD0004,1,0,8,8,0x04,STOP,00 00 00 00 00 00 00 00,1,1,118,,,,,,,,,1,0,253,4,146,18,25
43.932974917,0x04FD0004,1,0,8,8,0x04,STOP,00 00 00 00 00 00 00 00,1,1,118,,,,,,,,,1,0,253,4,146,18,25
44.032983792,0x04FD0004,1,0,8,8,0x04,STOP,00 00 00 00 00 00 00 00,1,1,118,,,,,,,,,1,0,253,4,146,18,25
44.1329925,0x04FD0004,1,0,8,8,0x04,STOP,00 00 00 00 00 00 00 00,1,1,118,,,,,,,,,1,0,253,4,146,18,25
44.233001208,0x04FD0004,1,0,8,8,0x04,STOP,00 00 00 00 00 00 00 00,1,1,118,,,,,,,,,1,0,253,4,146,18,24
44.333009625,0x04FD0004,1,0,8,8,0x04,STOP,00 00 00 00 00 00 00 00,1,1,118,,,,,,,,,1,0,253,4,146,18,25
44.333166417,0x061A1200,1,1,1,1,0x06,SET_ZERO,33,1,-,67,,,,,,,,,0,18,26,0,82,5,24
44.433018667,0x04FD0004,1,0,8,8,0x04,STOP,00 00 00 00 00 00 00 00,1,1,118,,,,,,,,,1,0,253,4,146,18,24
44.533026375,0x04FD0004,1,0,8,8,0x04,STOP,00 00 00 00 00 00 00 00,1,1,118,,,,,,,,,1,0,253,4,146,18,25
44.533182875,0x02000400,1,0,8,8,0x02,FEEDBACK,99 F0 7F FF 7F FF 00 D2,0,1,118,0,0,0,4,2.547374227512016,21.0,-9.15541313801782e-05,-0.0007629510948348184,0,4,0,0,141,13,40
44.633035583,0x04FD0004,1,0,8,8,0x04,STOP,00 00 00 00 00 00 00 00,1,1,118,,,,,,,,,1,0,253,4,146,18,23
44.733043917,0x04FD0004,1,0,8,8,0x04,STOP,00 00 00 00 00 00 00 00,1,1,118,,,,,,,,,1,0,253,4,146,18,26
44.833053458,0x04FD0004,1,0,8,8,0x04,STOP,00 00 00 00 00 00 00 00,1,1,118,,,,,,,,,1,0,253,4,146,18,25
44.933061875,0x04FD0004,1,0,8,8,0x04,STOP,00 00 00 00 00 00 00 00,1,1,118,,,,,,,,,1,0,253,4,146,18,25
45.033069875,0x04FD0004,1,0,8,8,0x04,STOP,00 00 00 00 00 00 00 00,1,1,118,,,,,,,,,1,0,253,4,146,18,24
45.133078583,0x04FD0004,1,0,8,8,0x04,STOP,00 00 00 00 00 00 00 00,1,1,118,,,,,,,,,1,0,253,4,146,18,24
45.233088208,0x04FD0004,1,0,8,8,0x04,STOP,00 00 00 00 00 00 00 00,1,1,118,,,,,,,,,1,0,253,4,146,18,24
45.33309625,0x04FD0004,1,0,8,8,0x04,STOP,00 00 00 00 00 00 00 00,1,1,118,,,,,,,,,1,0,253,4,146,18,25
45.433105042,0x04FD0004,1,0,8,8,0x04,STOP,00 00 00 00 00 00 00 00,1,1,118,,,,,,,,,1,0,253,4,146,18,25
45.533113958,0x04FD0004,1,0,8,8,0x04,STOP,00 00 00 00 00 00 00 00,1,1,118,,,,,,,,,1,0,253,4,146,18,24
45.633122,0x04FD0004,1,0,8,8,0x04,STOP,00 00 00 00 00 00 00 00,1,1,118,,,,,,,,,1,0,253,4,146,18,25
45.633283542,0x02000400,1,0,8,8,0x02,FEEDBACK,99 F0 7F FF 7F FF 00 D2,0,1,118,0,0,0,4,2.547374227512016,21.0,-9.15541313801782e-05,-0.0007629510948348184,0,4,0,0,141,13,39
45.733130625,0x04FD0004,1,0,8,8,0x04,STOP,00 00 00 00 00 00 00 00,1,1,118,,,,,,,,,1,0,253,4,146,18,24
45.833139542,0x04FD0004,1,0,8,8,0x04,STOP,00 00 00 00 00 00 00 00,1,1,118,,,,,,,,,1,0,253,4,146,18,24
45.933147833,0x04FD0004,1,0,8,8,0x04,STOP,00 00 00 00 00 00 00 00,1,1,118,,,,,,,,,1,0,253,4,146,18,24
46.033156917,0x04FD0004,1,0,8,8,0x04,STOP,00 00 00 00 00 00 00 00,1,1,118,,,,,,,,,1,0,253,4,146,18,25
46.133165625,0x04FD0004,1,0,8,8,0x04,STOP,00 00 00 00 00 00 00 00,1,1,118,,,,,,,,,1,0,253,4,146,18,25
46.233174792,0x04FD0004,1,0,8,8,0x04,STOP,00 00 00 00 00 00 00 00,1,1,118,,,,,,,,,1,0,253,4,146,18,25
46.333182625,0x04FD0004,1,0,8,8,0x04,STOP,00 00 00 00 00 00 00 00,1,1,118,,,,,,,,,1,0,253,4,146,18,25
46.43319175,0x04FD0004,1,0,8,8,0x04,STOP,00 00 00 00 00 00 00 00,1,1,118,,,,,,,,,1,0,253,4,146,18,25
46.533199917,0x04FD0004,1,0,8,8,0x04,STOP,00 00 00 00 00 00 00 00,1,1,118,,,,,,,,,1,0,253,4,146,18,24
46.633208708,0x04FD0004,1,0,8,8,0x04,STOP,00 00 00 00 00 00 00 00,1,1,118,,,,,,,,,1,0,253,4,146,18,24
46.733217083,0x04FD0004,1,0,8,8,0x04,STOP,00 00 00 00 00 00 00 00,1,1,118,,,,,,,,,1,0,253,4,146,18,25
46.733388958,0x02003600,1,0,6,0,0x02,FEEDBACK,,1,0,54,,,,,,,,,0,54,0,0,67,3,24
46.833226125,0x04FD0004,1,0,8,8,0x04,STOP,00 00 00 00 00 00 00 00,1,1,118,,,,,,,,,1,0,253,4,146,18,25
46.933234917,0x04FD0004,1,0,8,8,0x04,STOP,00 00 00 00 00 00 00 00,1,1,118,,,,,,,,,1,0,253,4,146,18,25
47.033243167,0x04FD0004,1,0,8,8,0x04,STOP,00 00 00 00 00 00 00 00,1,1,118,,,,,,,,,1,0,253,4,146,18,26
47.133252417,0x04FD0004,1,0,8,8,0x04,STOP,00 00 00 00 00 00 00 00,1,1,118,,,,,,,,,1,0,253,4,146,18,24
47.133426875,0x02000400,1,0,8,8,0x02,FEEDBACK,99 F0 7F FF 7F FF 00 D2,0,1,118,0,0,0,4,2.547374227512016,21.0,-9.15541313801782e-05,-0.0007629510948348184,0,4,0,0,141,13,40
47.233260917,0x04FD0004,1,0,8,8,0x04,STOP,00 00 00 00 00 00 00 00,1,1,118,,,,,,,,,1,0,253,4,146,18,25
47.333269833,0x04FD0004,1,0,8,8,0x04,STOP,00 00 00 00 00 00 00 00,1,1,118,,,,,,,,,1,0,253,4,146,18,24
47.433278458,0x04FD0004,1,0,8,8,0x04,STOP,00 00 00 00 00 00 00 00,1,1,118,,,,,,,,,1,0,253,4,146,18,25
47.533286208,0x04FD0004,1,0,8,8,0x04,STOP,00 00 00 00 00 00 00 00,1,1,118,,,,,,,,,1,0,253,4,146,18,25
47.633295667,0x04FD0004,1,0,8,8,0x04,STOP,00 00 00 00 00 00 00 00,1,1,118,,,,,,,,,1,0,253,4,146,18,25
47.73330375,0x04FD0004,1,0,8,8,0x04,STOP,00 00 00 00 00 00 00 00,1,1,118,,,,,,,,,1,0,253,4,146,18,24
47.833312458,0x04FD0004,1,0,8,8,0x04,STOP,00 00 00 00 00 00 00 00,1,1,118,,,,,,,,,1,0,253,4,146,18,25
47.933321292,0x04FD0004,1,0,8,8,0x04,STOP,00 00 00 00 00 00 00 00,1,1,118,,,,,,,,,1,0,253,4,146,18,26
47.933502125,0x101,0,0,0,0,,,,1,0,34,,,,,,,,,0,,,,47,3,22
48.033329958,0x04FD0004,1,0,8,8,0x04,STOP,00 00 00 00 00 00 00 00,1,1,118,,,,,,,,,1,0,253,4,146,18,26
48.133339125,0x04FD0004,1,0,8,8,0x04,STOP,00 00 00 00 00 00 00 00,1,1,118,,,,,,,,,1,0,253,4,146,18,25
48.233347875,0x04FD0004,1,0,8,8,0x04,STOP,00 00 00 00 00 00 00 00,1,1,118,,,,,,,,,1,0,253,4,146,18,24
48.233528417,0x02000400,1,0,8,8,0x02,FEEDBACK,99 F0 7F FF 7F FF 00 D2,0,1,118,0,0,0,4,2.547374227512016,21.0,-9.15541313801782e-05,-0.0007629510948348184,0,4,0,0,141,13,44
48.333355833,0x04FD0004,1,0,8,8,0x04,STOP,00 00 00 00 00 00 00 00,1,1,118,,,,,,,,,1,0,253,4,146,18,25
48.433364708,0x04FD0004,1,0,8,8,0x04,STOP,00 00 00 00 00 00 00 00,1,1,118,,,,,,,,,1,0,253,4,146,18,25
48.533373417,0x04FD0004,1,0,8,8,0x04,STOP,00 00 00 00 00 00 00 00,1,1,118,,,,,,,,,1,0,253,4,146,18,25
48.633381708,0x04FD0004,1,0,8,8,0x04,STOP,00 00 00 00 00 00 00 00,1,1,118,,,,,,,,,1,0,253,4,146,18,25
48.733391,0x04FD0004,1,0,8,8,0x04,STOP,00 00 00 00 00 00 00 00,1,1,118,,,,,,,,,1,0,253,4,146,18,25
48.83339975,0x04FD0004,1,0,8,8,0x04,STOP,00 00 00 00 00 00 00 00,1,1,118,,,,,,,,,1,0,253,4,146,18,25
48.933407708,0x04FD0004,1,0,8,8,0x04,STOP,00 00 00 00 00 00 00 00,1,1,118,,,,,,,,,1,0,253,4,146,18,26
49.033416667,0x04FD0004,1,0,8,8,0x04,STOP,00 00 00 00 00 00 00 00,1,1,118,,,,,,,,,1,0,253,4,146,18,24
49.133425042,0x04FD0004,1,0,8,8,0x04,STOP,00 00 00 00 00 00 00 00,1,1,118,,,,,,,,,1,0,253,4,146,18,26
49.233434292,0x04FD0004,1,0,8,8,0x04,STOP,00 00 00 00 00 00 00 00,1,1,118,,,,,,,,,1,0,253,4,146,18,25
49.333442542,0x04FD0004,1,0,8,8,0x04,STOP,00 00 00 00 00 00 00 00,1,1,118,,,,,,,,,1,0,253,4,146,18,25
49.433451375,0x04FD0004,1,0,8,8,0x04,STOP,00 00 00 00 00 00 00 00,1,1,118,,,,,,,,,1,0,253,4,146,18,24
49.533460583,0x04FD0004,1,0,8,8,0x04,STOP,00 00 00 00 00 00 00 00,1,1,118,,,,,,,,,1,0,253,4,146,18,26
49.63346925,0x04FD0004,1,0,8,8,0x04,STOP,00 00 00 00 00 00 00 00,1,1,118,,,,,,,,,1,0,253,4,146,18,25
49.733477583,0x04FD0004,1,0,8,8,0x04,STOP,00 00 00 00 00 00 00 00,1,1,118,,,,,,,,,1,0,253,4,146,18,25
49.833486125,0x04FD0004,1,0,8,8,0x04,STOP,00 00 00 00 00 00 00 00,1,1,118,,,,,,,,,1,0,253,4,146,18,25
49.93349475,0x04FD0004,1,0,8,8,0x04,STOP,00 00 00 00 00 00 00 00,1,1,118,,,,,,,,,1,0,253,4,146,18,24
50.033503375,0x04FD0004,1,0,8,8,0x04,STOP,00 00 00 00 00 00 00 00,1,1,118,,,,,,,,,1,0,253,4,146,18,25
50.133512167,0x04FD0004,1,0,8,8,0x04,STOP,00 00 00 00 00 00 00 00,1,1,118,,,,,,,,,1,0,253,4,146,18,25
50.233520458,0x04FD0004,1,0,8,8,0x04,STOP,00 00 00 00 00 00 00 00,1,1,118,,,,,,,,,1,0,253,4,146,18,24
50.333529708,0x04FD0004,1,0,8,8,0x04,STOP,00 00 00 00 00 00 00 00,1,1,118,,,,,,,,,1,0,253,4,146,18,25
50.433538208,0x04FD0004,1,0,8,8,0x04,STOP,00 00 00 00 00 00 00 00,1,1,118,,,,,,,,,1,0,253,4,146,18,23
50.533546875,0x04FD0004,1,0,8,8,0x04,STOP,00 00 00 00 00 00 00 00,1,1,118,,,,,,,,,1,0,253,4,146,18,25
50.633555667,0x04FD0004,1,0,8,8,0x04,STOP,00 00 00 00 00 00 00 00,1,1,118,,,,,,,,,1,0,253,4,146,18,24
50.733563583,0x04FD0004,1,0,8,8,0x04,STOP,00 00 00 00 00 00 00 00,1,1,118,,,,,,,,,1,0,253,4,146,18,26
50.833572583,0x04FD0004,1,0,8,8,0x04,STOP,00 00 00 00 00 00 00 00,1,1,118,,,,,,,,,1,0,253,4,146,18,25
50.933581208,0x04FD0004,1,0,8,8,0x04,STOP,00 00 00 00 00 00 00 00,1,1,118,,,,,,,,,1,0,253,4,146,18,25
51.0335905,0x04FD0004,1,0,8,8,0x04,STOP,00 00 00 00 00 00 00 00,1,1,118,,,,,,,,,1,0,253,4,146,18,26
51.133598125,0x04FD0004,1,0,8,8,0x04,STOP,00 00 00 00 00 00 00 00,1,1,118,,,,,,,,,1,0,253,4,146,18,24
51.233607,0x04FD0004,1,0,8,8,0x04,STOP,00 00 00 00 00 00 00 00,1,1,118,,,,,,,,,1,0,253,4,146,18,26
51.333616125,0x04FD0004,1,0,8,8,0x04,STOP,00 00 00 00 00 00 00 00,1,1,118,,,,,,,,,1,0,253,4,146,18,25
51.433624417,0x04FD0004,1,0,8,8,0x04,STOP,00 00 00 00 00 00 00 00,1,1,118,,,,,,,,,1,0,253,4,146,18,24
51.533633208,0x04FD0004,1,0,8,8,0x04,STOP,00 00 00 00 00 00 00 00,1,1,118,,,,,,,,,1,0,253,4,146,18,24
51.633642,0x04FD0004,1,0,8,8,0x04,STOP,00 00 00 00 00 00 00 00,1,1,118,,,,,,,,,1,0,253,4,146,18,25
51.733650708,0x04FD0004,1,0,8,8,0x04,STOP,00 00 00 00 00 00 00 00,1,1,118,,,,,,,,,1,0,253,4,146,18,24
51.833659667,0x04FD0004,1,0,8,8,0x04,STOP,00 00 00 00 00 00 00 00,1,1,118,,,,,,,,,1,0,253,4,146,18,24
51.933667917,0x04FD0004,1,0,8,8,0x04,STOP,00 00 00 00 00 00 00 00,1,1,118,,,,,,,,,1,0,253,4,146,18,25
52.033676708,0x04FD0004,1,0,8,8,0x04,STOP,00 00 00 00 00 00 00 00,1,1,118,,,,,,,,,1,0,253,4,146,18,24
52.133685458,0x04FD0004,1,0,8,8,0x04,STOP,00 00 00 00 00 00 00 00,1,1,118,,,,,,,,,1,0,253,4,146,18,25
52.233694375,0x04FD0004,1,0,8,8,0x04,STOP,00 00 00 00 00 00 00 00,1,1,118,,,,,,,,,1,0,253,4,146,18,24
52.333702583,0x04FD0004,1,0,8,8,0x04,STOP,00 00 00 00 00 00 00 00,1,1,118,,,,,,,,,1,0,253,4,146,18,25
52.433711625,0x04FD0004,1,0,8,8,0x04,STOP,00 00 00 00 00 00 00 00,1,1,118,,,,,,,,,1,0,253,4,146,18,26
52.533719292,0x04FD0004,1,0,8,8,0x04,STOP,00 00 00 00 00 00 00 00,1,1,118,,,,,,,,,1,0,253,4,146,18,25
52.633729,0x04FD0004,1,0,8,8,0x04,STOP,00 00 00 00 00 00 00 00,1,1,118,,,,,,,,,1,0,253,4,146,18,25
52.733736583,0x04FD0004,1,0,8,8,0x04,STOP,00 00 00 00 00 00 00 00,1,1,118,,,,,,,,,1,0,253,4,146,18,26
52.833745917,0x04FD0004,1,0,8,8,0x04,STOP,00 00 00 00 00 00 00 00,1,1,118,,,,,,,,,1,0,253,4,146,18,25
52.933754,0x04FD0004,1,0,8,8,0x04,STOP,00 00 00 00 00 00 00 00,1,1,118,,,,,,,,,1,0,253,4,146,18,24
53.033763792,0x04FD0004,1,0,8,8,0x04,STOP,00 00 00 00 00 00 00 00,1,1,118,,,,,,,,,1,0,253,4,146,18,24
53.133772125,0x04FD0004,1,0,8,8,0x04,STOP,00 00 00 00 00 00 00 00,1,1,118,,,,,,,,,1,0,253,4,146,18,25
53.233780458,0x04FD0004,1,0,8,8,0x04,STOP,00 00 00 00 00 00 00 00,1,1,118,,,,,,,,,1,0,253,4,146,18,25
53.333789458,0x04FD0004,1,0,8,8,0x04,STOP,00 00 00 00 00 00 00 00,1,1,118,,,,,,,,,1,0,253,4,146,18,25
53.433798083,0x04FD0004,1,0,8,8,0x04,STOP,00 00 00 00 00 00 00 00,1,1,118,,,,,,,,,1,0,253,4,146,18,25
53.533806917,0x04FD0004,1,0,8,8,0x04,STOP,00 00 00 00 00 00 00 00,1,1,118,,,,,,,,,1,0,253,4,146,18,25
53.63381525,0x04FD0004,1,0,8,8,0x04,STOP,00 00 00 00 00 00 00 00,1,1,118,,,,,,,,,1,0,253,4,146,18,25
53.733823708,0x04FD0004,1,0,8,8,0x04,STOP,00 00 00 00 00 00 00 00,1,1,118,,,,,,,,,1,0,253,4,146,18,25
53.833832417,0x04FD0004,1,0,8,8,0x04,STOP,00 00 00 00 00 00 00 00,1,1,118,,,,,,,,,1,0,253,4,146,18,24
53.933841292,0x04FD0004,1,0,8,8,0x04,STOP,00 00 00 00 00 00 00 00,1,1,118,,,,,,,,,1,0,253,4,146,18,24
54.033850083,0x04FD0004,1,0,8,8,0x04,STOP,00 00 00 00 00 00 00 00,1,1,118,,,,,,,,,1,0,253,4,146,18,24
54.133858375,0x04FD0004,1,0,8,8,0x04,STOP,00 00 00 00 00 00 00 00,1,1,118,,,,,,,,,1,0,253,4,146,18,25
54.233867208,0x04FD0004,1,0,8,8,0x04,STOP,00 00 00 00 00 00 00 00,1,1,118,,,,,,,,,1,0,253,4,146,18,25
54.333875125,0x04FD0004,1,0,8,8,0x04,STOP,00 00 00 00 00 00 00 00,1,1,118,,,,,,,,,1,0,253,4,146,18,26
54.433884417,0x04FD0004,1,0,8,8,0x04,STOP,00 00 00 00 00 00 00 00,1,1,118,,,,,,,,,1,0,253,4,146,18,25
54.53389325,0x04FD0004,1,0,8,8,0x04,STOP,00 00 00 00 00 00 00 00,1,1,118,,,,,,,,,1,0,253,4,146,18,24
54.633902083,0x04FD0004,1,0,8,8,0x04,STOP,00 00 00 00 00 00 00 00,1,1,118,,,,,,,,,1,0,253,4,146,18,25
54.733910417,0x04FD0004,1,0,8,8,0x04,STOP,00 00 00 00 00 00 00 00,1,1,118,,,,,,,,,1,0,253,4,146,18,25
54.83391925,0x04FD0004,1,0,8,8,0x04,STOP,00 00 00 00 00 00 00 00,1,1,118,,,,,,,,,1,0,253,4,146,18,24
54.933927208,0x04FD0004,1,0,8,8,0x04,STOP,00 00 00 00 00 00 00 00,1,1,118,,,,,,,,,1,0,253,4,146,18,24
55.033936958,0x04FD0004,1,0,8,8,0x04,STOP,00 00 00 00 00 00 00 00,1,1,118,,,,,,,,,1,0,253,4,146,18,25
55.133944792,0x04FD0004,1,0,8,8,0x04,STOP,00 00 00 00 00 00 00 00,1,1,118,,,,,,,,,1,0,253,4,146,18,25
55.233953833,0x04FD0004,1,0,8,8,0x04,STOP,00 00 00 00 00 00 00 00,1,1,118,,,,,,,,,1,0,253,4,146,18,25
55.333962042,0x04FD0004,1,0,8,8,0x04,STOP,00 00 00 00 00 00 00 00,1,1,118,,,,,,,,,1,0,253,4,146,18,24
55.433970958,0x04FD0004,1,0,8,8,0x04,STOP,00 00 00 00 00 00 00 00,1,1,118,,,,,,,,,1,0,253,4,146,18,25
55.533979917,0x04FD0004,1,0,8,8,0x04,STOP,00 00 00 00 00 00 00 00,1,1,118,,,,,,,,,1,0,253,4,146,18,26
55.633989042,0x04FD0004,1,0,8,8,0x04,STOP,00 00 00 00 00 00 00 00,1,1,118,,,,,,,,,1,0,253,4,146,18,25
55.733997375,0x04FD0004,1,0,8,8,0x04,STOP,00 00 00 00 00 00 00 00,1,1,118,,,,,,,,,1,0,253,4,146,18,24
55.834005833,0x04FD0004,1,0,8,8,0x04,STOP,00 00 00 00 00 00 00 00,1,1,118,,,,,,,,,1,0,253,4,146,18,25
55.934014083,0x04FD0004,1,0,8,8,0x04,STOP,00 00 00 00 00 00 00 00,1,1,118,,,,,,,,,1,0,253,4,146,18,25
56.034023458,0x04FD0004,1,0,8,8,0x04,STOP,00 00 00 00 00 00 00 00,1,1,118,,,,,,,,,1,0,253,4,146,18,25
56.134031292,0x04FD0004,1,0,8,8,0x04,STOP,00 00 00 00 00 00 00 00,1,1,118,,,,,,,,,1,0,253,4,146,18,25
56.234040667,0x04FD0004,1,0,8,8,0x04,STOP,00 00 00 00 00 00 00 00,1,1,118,,,,,,,,,1,0,253,4,146,18,24
56.334048958,0x04FD0004,1,0,8,8,0x04,STOP,00 00 00 00 00 00 00 00,1,1,118,,,,,,,,,1,0,253,4,146,18,25
56.434057458,0x04FD0004,1,0,8,8,0x04,STOP,00 00 00 00 00 00 00 00,1,1,118,,,,,,,,,1,0,253,4,146,18,26
56.534066375,0x04FD0004,1,0,8,8,0x04,STOP,00 00 00 00 00 00 00 00,1,1,118,,,,,,,,,1,0,253,4,146,18,25
56.63407475,0x04FD0004,1,0,8,8,0x04,STOP,00 00 00 00 00 00 00 00,1,1,118,,,,,,,,,1,0,253,4,146,18,26
56.734083625,0x04FD0004,1,0,8,8,0x04,STOP,00 00 00 00 00 00 00 00,1,1,118,,,,,,,,,1,0,253,4,146,18,25
56.834092792,0x04FD0004,1,0,8,8,0x04,STOP,00 00 00 00 00 00 00 00,1,1,118,,,,,,,,,1,0,253,4,146,18,25
56.934101167,0x04FD0004,1,0,8,8,0x04,STOP,00 00 00 00 00 00 00 00,1,1,118,,,,,,,,,1,0,253,4,146,18,24
57.03411,0x04FD0004,1,0,8,8,0x04,STOP,00 00 00 00 00 00 00 00,1,1,118,,,,,,,,,1,0,253,4,146,18,25
57.134118375,0x04FD0004,1,0,8,8,0x04,STOP,00 00 00 00 00 00 00 00,1,1,118,,,,,,,,,1,0,253,4,146,18,26
57.23412725,0x04FD0004,1,0,8,8,0x04,STOP,00 00 00 00 00 00 00 00,1,1,118,,,,,,,,,1,0,253,4,146,18,24
57.334135625,0x04FD0004,1,0,8,8,0x04,STOP,00 00 00 00 00 00 00 00,1,1,118,,,,,,,,,1,0,253,4,146,18,25
57.434144458,0x04FD0004,1,0,8,8,0x04,STOP,00 00 00 00 00 00 00 00,1,1,118,,,,,,,,,1,0,253,4,146,18,24
57.534152833,0x04FD0004,1,0,8,8,0x04,STOP,00 00 00 00 00 00 00 00,1,1,118,,,,,,,,,1,0,253,4,146,18,24
57.634162208,0x04FD0004,1,0,8,8,0x04,STOP,00 00 00 00 00 00 00 00,1,1,118,,,,,,,,,1,0,253,4,146,18,25
57.734203208,0x04FD0004,1,0,8,8,0x04,STOP,00 00 00 00 00 00 00 00,0,1,118,,,,,,,,,1,0,253,4,146,18,25
57.83425425,0x04FD0004,1,0,8,8,0x04,STOP,00 00 00 00 00 00 00 00,1,1,118,,,,,,,,,1,0,253,4,146,18,25
57.93432125,0x04FD0004,1,0,8,8,0x04,STOP,00 00 00 00 00 00 00 00,1,1,118,,,,,,,,,1,0,253,4,146,18,26
58.034196167,0x04FD0004,1,0,8,8,0x04,STOP,00 00 00 00 00 00 00 00,1,1,118,,,,,,,,,1,0,253,4,146,18,25
58.134204542,0x04FD0004,1,0,8,8,0x04,STOP,00 00 00 00 00 00 00 00,1,1,118,,,,,,,,,1,0,253,4,146,18,26
58.234213875,0x04FD0004,1,0,8,8,0x04,STOP,00 00 00 00 00 00 00 00,1,1,118,,,,,,,,,1,0,253,4,146,18,25
58.33422175,0x04FD0004,1,0,8,8,0x04,STOP,00 00 00 00 00 00 00 00,1,1,118,,,,,,,,,1,0,253,4,146,18,24
58.434231167,0x04FD0004,1,0,8,8,0x04,STOP,00 00 00 00 00 00 00 00,1,1,118,,,,,,,,,1,0,253,4,146,18,24
58.534239958,0x04FD0004,1,0,8,8,0x04,STOP,00 00 00 00 00 00 00 00,1,1,118,,,,,,,,,1,0,253,4,146,18,25
58.634247833,0x04FD0004,1,0,8,8,0x04,STOP,00 00 00 00 00 00 00 00,1,1,118,,,,,,,,,1,0,253,4,146,18,24
58.734256625,0x04FD0004,1,0,8,8,0x04,STOP,00 00 00 00 00 00 00 00,1,1,118,,,,,,,,,1,0,253,4,146,18,25
58.834265125,0x04FD0004,1,0,8,8,0x04,STOP,00 00 00 00 00 00 00 00,1,1,118,,,,,,,,,1,0,253,4,146,18,25
58.9342745,0x04FD0004,1,0,8,8,0x04,STOP,00 00 00 00 00 00 00 00,1,1,118,,,,,,,,,1,0,253,4,146,18,25
59.034282708,0x04FD0004,1,0,8,8,0x04,STOP,00 00 00 00 00 00 00 00,1,1,118,,,,,,,,,1,0,253,4,146,18,25
59.134291583,0x04FD0004,1,0,8,8,0x04,STOP,00 00 00 00 00 00 00 00,1,1,118,,,,,,,,,1,0,253,4,146,18,25
59.234300125,0x04FD0004,1,0,8,8,0x04,STOP,00 00 00 00 00 00 00 00,1,1,118,,,,,,,,,1,0,253,4,146,18,26
59.334309333,0x04FD0004,1,0,8,8,0x04,STOP,00 00 00 00 00 00 00 00,1,1,118,,,,,,,,,1,0,253,4,146,18,25
59.434317292,0x04FD0004,1,0,8,8,0x04,STOP,00 00 00 00 00 00 00 00,1,1,118,,,,,,,,,1,0,253,4,146,18,25
59.534326042,0x04FD0004,1,0,8,8,0x04,STOP,00 00 00 00 00 00 00 00,1,1,118,,,,,,,,,1,0,253,4,146,18,25
59.634334458,0x04FD0004,1,0,8,8,0x04,STOP,00 00 00 00 00 00 00 00,1,1,118,,,,,,,,,1,0,253,4,146,18,25
59.734343833,0x04FD0004,1,0,8,8,0x04,STOP,00 00 00 00 00 00 00 00,1,1,118,,,,,,,,,1,0,253,4,146,18,25
59.834352667,0x04FD0004,1,0,8,8,0x04,STOP,00 00 00 00 00 00 00 00,1,1,118,,,,,,,,,1,0,253,4,146,18,25
59.934361167,0x04FD0004,1,0,8,8,0x04,STOP,00 00 00 00 00 00 00 00,1,1,118,,,,,,,,,1,0,253,4,146,18,25
60.034369958,0x04FD0004,1,0,8,8,0x04,STOP,00 00 00 00 00 00 00 00,1,1,118,,,,,,,,,1,0,253,4,146,18,25
60.134378333,0x04FD0004,1,0,8,8,0x04,STOP,00 00 00 00 00 00 00 00,1,1,118,,,,,,,,,1,0,253,4,146,18,24
60.23438725,0x04FD0004,1,0,8,8,0x04,STOP,00 00 00 00 00 00 00 00,1,1,118,,,,,,,,,1,0,253,4,146,18,25
60.334395125,0x04FD0004,1,0,8,8,0x04,STOP,00 00 00 00 00 00 00 00,1,1,118,,,,,,,,,1,0,253,4,146,18,25
60.434404583,0x04FD0004,1,0,8,8,0x04,STOP,00 00 00 00 00 00 00 00,1,1,118,,,,,,,,,1,0,253,4,146,18,25
60.534412917,0x04FD0004,1,0,8,8,0x04,STOP,00 00 00 00 00 00 00 00,1,1,118,,,,,,,,,1,0,253,4,146,18,25
60.634421292,0x04FD0004,1,0,8,8,0x04,STOP,00 00 00 00 00 00 00 00,1,1,118,,,,,,,,,1,0,253,4,146,18,25
60.734430167,0x04FD0004,1,0,8,8,0x04,STOP,00 00 00 00 00 00 00 00,1,1,118,,,,,,,,,1,0,253,4,146,18,25
60.834439208,0x04FD0004,1,0,8,8,0x04,STOP,00 00 00 00 00 00 00 00,1,1,118,,,,,,,,,1,0,253,4,146,18,26
60.934447958,0x04FD0004,1,0,8,8,0x04,STOP,00 00 00 00 00 00 00 00,1,1,118,,,,,,,,,1,0,253,4,146,18,25
61.034455958,0x04FD0004,1,0,8,8,0x04,STOP,00 00 00 00 00 00 00 00,1,1,118,,,,,,,,,1,0,253,4,146,18,25
61.134464292,0x04FD0004,1,0,8,8,0x04,STOP,00 00 00 00 00 00 00 00,1,1,118,,,,,,,,,1,0,253,4,146,18,25
61.234473292,0x04FD0004,1,0,8,8,0x04,STOP,00 00 00 00 00 00 00 00,1,1,118,,,,,,,,,1,0,253,4,146,18,24
61.334482042,0x04FD0004,1,0,8,8,0x04,STOP,00 00 00 00 00 00 00 00,1,1,118,,,,,,,,,1,0,253,4,146,18,23
61.434491,0x04FD0004,1,0,8,8,0x04,STOP,00 00 00 00 00 00 00 00,1,1,118,,,,,,,,,1,0,253,4,146,18,23
61.534499333,0x04FD0004,1,0,8,8,0x04,STOP,00 00 00 00 00 00 00 00,1,1,118,,,,,,,,,1,0,253,4,146,18,25
61.634508417,0x04FD0004,1,0,8,8,0x04,STOP,00 00 00 00 00 00 00 00,1,1,118,,,,,,,,,1,0,253,4,146,18,26
61.73451625,0x04FD0004,1,0,8,8,0x04,STOP,00 00 00 00 00 00 00 00,1,1,118,,,,,,,,,1,0,253,4,146,18,24
61.834526083,0x18FD0004,1,0,8,8,0x18,AUTO_REPORT,01 02 03 04 05 06 00 00,1,1,118,61,4,3,0,-12.4710281528954,0.0,-5.764522774090181,-48.82200350957503,1,0,253,4,142,14,28
